ID,Sex,Nationality,Specialization,Title,Keywords,Date,Grade,Advisors,Pages,Words,Size,WordsPerPage
201812975,Feminino,Portugal,Engenharia de Software,Evaluating the Combination of Relaxation and Argumentation in Ontology Matching Negotiation,Negociação de mapeamentos de ontologias; Argumentação; Relaxamento; Agentes; Sistemas multi-agente; Mapeamento de ontologias; Ontology alignment negotiation; Argumentation; Relaxation; Agents; Multi-agent systems; Ontology matching,2013-11-15T00:00:00Z,16,Nuno Alexandre Pinto Da Silva,93,22292,1.835146,239.69892473118279
201813238,Masculino,Portugal,Engenharia de Software,Sistema móvel de telemetria para automóveis,GNSS; INS; Filtro de Kalman; Filtro complementar; Android; Localização; Kalman filter; Complementary filter; Localization,2013-11-14T00:00:00Z,16,Lino Manuel Baptista Figueiredo,139,39826,4.263048,286.51798561151077
201813297,Masculino,Portugal,"Arquitecturas, Sistemas e Redes",Avaliação dos Processos de Software utilizando CMMI,Áreas de Processo; Avaliação de Processos; CMMI-DEV; Estudo Empírico; Process Areas; Process Appraisal; Empirical Study,2013-11-13T00:00:00Z,15,Alberto Antonio Chalupa Sampaio,145,36143,3.703902,249.26206896551724
201813360,Feminino,Portugal,Engenharia de Software,Recomendações Personalizadas de Alunos em Sistemas de Hipermédia Adaptativa Educacional usando Data Mining,Sistemas de hipermédia adaptativa educacional; Modelação do aluno; Técnicas de Data Mining; Adaptive educational hypermedia systems; Student model; Data Mining techniques,2013-11-13T00:00:00Z,15,Antonio Constantino Lopes Martins,179,40198,2.768955,224.56983240223462
201813513,Masculino,Portugal,Sistemas Computacionais,Aplicação de Advergames no contexto do Ensino Superior,Jogos sérios; Publicidade online; Advergames; Serious games; Online advertising,2013-11-08T00:00:00Z,14,Carlos Miguel Miranda Vaz De Carvalho,87,19187,2.928138,220.54022988505747
201813548,Masculino,Estados Unidos da América,"Arquitecturas, Sistemas e Redes",Realidade Imersiva Aplicada a Espaços Culturais,Realidade Imersiva; Espaços Culturais; Museus; Espaços culturais e artísticos,2013-12-16T00:00:00Z,14,Antonio Abel Vieira De Castro,136,22224,7.749155,163.41176470588235
201814633,Masculino,Portugal,Sistemas Computacionais,Desenvolvimento de Recursos Educativos em Dispositivos Móveis,Educação à distância; Recursos educativos; Realidade aumentada; Dispositivos móveis; Processo de aprendizagem; Aplicações interativas; Distance education; Educational resources; Augmented reality; Mobile devices; Learning process,2013-11-21T00:00:00Z,15,Paula Maria De Sa Oliveira Escudeiro,124,29549,3.839334,238.2983870967742
201813645,Masculino,Portugal,Sistemas Computacionais,Tecnologias Multimédia no Apoio ao Ensino Aprendizagem de Suporte Básico de Vida,Suporte básico de vida; Objeto aprendizagem; E-learning; Basic life support; Learning object,2013-11-11T00:00:00Z,14,Antonio Abel Vieira De Castro,123,22249,4.064975,180.8861788617886
201813696,Masculino,Portugal,"Arquitecturas, Sistemas e Redes",Desenho e implementação de um data warehouse para a empresa AdClick,Data warehouse; Business intelligence; Marketing digital; Digital marketing,2013-09-11T00:00:00Z,15,Maria De Fatima Coutinho Rodrigues,108,28409,2.73271,263.0462962962963
201813777,Masculino,Portugal,Sistemas Computacionais,Uso de Interfaces Cérebro-computador na comunicação de pessoas com Síndrome de Encarceramento,Síndrome de Encarceramento; Neuroplasticidade; Interfaces Cérebromáquina; Interfaces cérebro-computador; Escrita preditiva; Locked-in syndrome; Neuroplasticity; Brain-machine interfaces; Brain-computer interfaces; Predictive text,2013-11-18T00:00:00Z,17,Antonio Abel Vieira De Castro,173,36356,31.970914,210.15028901734104
201813785,Masculino,Portugal,"Arquitecturas, Sistemas e Redes",Plataforma de Simulação em Repast Simphony para Análise da Divulgação de Novas Ideias em Mercado,Simulação; Sistemas multi-agente; Redes colaborativas; Divulgação de novas ideias; Inovação; Simulation; Multi-agent systems; Collaborative networks; Diffusion of new ideas; Innovation,2013-11-18T00:00:00Z,13,Isabel Cecilia Correia Da Silva Praca Gomes Pereira,91,19304,1.675926,212.13186813186815
201813793,Masculino,Portugal,Sistemas Computacionais,"Meios de partilha de Recursos Educativos Digitais: LMS, CMS e Cloud Computing",Gestão de conteúdos; Gestão da aprendizagem; Cloud Computing; Drupal; Wordpress; Joomla; Tecnologias de Informação na Educação; e-Learning,2013-11-15T00:00:00Z,14,Antonio Abel Vieira De Castro,174,28647,9.554062,164.63793103448276
201813823,Masculino,Portugal,Sistemas Computacionais,"Pré-processamento e Tag automático de imagens em ambiente móvel e web, aplicado a um sistema de informação geográfica",Notificação de problemas urbanos; Classificação automática; Anotações em imagem; Reconhecimento de imagem; Sistemas de informação geográficos; Aplicações móveis,2013-11-20T00:00:00Z,17,Maria De Fatima Coutinho Rodrigues,123,32419,2.720813,263.5691056910569
201813831,Masculino,Portugal,"Arquitecturas, Sistemas e Redes",RealCrono ? sistema de difusão de resultados em tempo real na web,Escalabilidade; Interoperabilidade; Comunicação em tempo real; WebSockets; Plataformas móveis; Scalability; Interoperability; RealTtime communication; Mobile ; latforms,2013-11-13T00:00:00Z,15,Paulo Alexandre Gandra De Sousa,124,16492,4.106458,133
201814641,Masculino,Portugal,Engenharia de Software,"Sistema de Recomendação: Share GFS ? Games, Films & Series",Sistema de recomendação; Tipificação de utilizadores; Inteligência Artificial; Manipulação e tratamento de incerteza; Redes de Bayes; Recommendation System; Grading of users; Artificial Intelligence; Handling and treatment of uncertainty,2013-11-04T00:00:00Z,16,Paulo Jorge Machado Oliveira,87,17748,10.462891,204
201813904,Masculino,Portugal,Sistemas Computacionais,Molecule: Sistema de organização e visualização de tags,Tag; Nuvem de tags; Similaridade; Sinónimo; Tradução; Visualização de tags; Tag cloud; Similarity; Synonymous; Translation; Tags visualization,2013-11-06T00:00:00Z,16,Isabel De Fatima Silva Azevedo,114,27324,3.180086,239.68421052631578
201813939,Masculino,Portugal,Sistemas Computacionais,Simulador em Realidade Virtual para Aprendizagem da Física,Háptico; Simulação; Física; Haptics; Simulation; Physics,2013-11-01T00:00:00Z,15,Carlos Miguel Miranda Vaz De Carvalho,99,21656,4.694029,218.74747474747474
201813955,Masculino,Portugal,Engenharia de Software,GAIC: Um Sistema inteligente e flexível para simulação e apoio à participação de pequenos e médios consumidores na gestão ativa de cargas no âmbito de smart grids,Demand Response; Redes Neuronais Artificiais; Sistemas Multiagente; Smart Grids; Artificial Neural Networks; Multiagent Systems,2013-11-20T00:00:00Z,16,Zita Maria Almeida Do Vale,109,31548,3.392444,289.43119266055044
201813971,Masculino,Portugal,Engenharia de Software,Engineering Temporal and Spatial Aspects in OWL using Patterns,OWL; Patterns; Semantic Web; Ontologies; World WideWeb,2013-11-22T00:00:00Z,18,Antonio Jorge Santos Pereira,145,39409,1.136939,271.78620689655173
201814145,Masculino,Portugal,"Arquitecturas, Sistemas e Redes",Portal de Eventos,Redes Sociais; Eventos; Espaços; Laravel; PHP; Social Networks; Events; Places,2013-11-18T00:00:00Z,14,Antonio Manuel Cardoso Da Costa,148,25854,5.721513,174.6891891891892
201814234,Masculino,Cabo Verde,Sistemas Computacionais,TRADUTOR DA LÍNGUA GESTUAL PORTUGUESA - MODELO DE TRADUÇÃO BIDIRECCIONAL,LGP; LP; LG; Kinect; Data Glove; KDD; SVM,2013-11-01T00:00:00Z,14,Paula Maria De Sa Oliveira Escudeiro,101,25295,3.797542,250.44554455445544
201814242,Masculino,Portugal,"Arquitecturas, Sistemas e Redes",Tolerância a Falhas em Sistemas de Tempo-Real Distribuídos e Embebidos,Tolerância a falhas; Sistemas de tempo-real distribuídos; Formação de coligação; Réplicas ativas; Agentes móveis; Software baseado em componentes; Configuração dinâmica de QoS; Coordenação orientada à negociação,2013-10-24T00:00:00Z,15,Luis Miguel Pinho Nogueira,145,36841,2.553513,254.0758620689655
201814277,Masculino,Portugal,Engenharia de Software,Plataforma de Dados de Saúde - Portal Institucional,Plataforma de Dados da Saúde; ETL; Business Intelligence; Análise de dados; eHeatlh ; ational Platform; Business Intelligence; Data analysis,2013-11-20T00:00:00Z,16,Maria De Fatima Coutinho Rodrigues,119,24955,4.1233,209.7058823529412
201814366,Masculino,Portugal,Sistemas Computacionais,Módulo de Realidade Aumentada para uma aplicação LBS,Realidade aumentada; Pontos de interesse; Dispositivos móveis; Points of Interest; Augmented Reality; Mobile devices,2013-11-13T00:00:00Z,15,Paulo Manuel Baltarejo De Sousa,95,24129,2.456267,253.98947368421054
201814412,Masculino,Portugal,"Arquitecturas, Sistemas e Redes",PROPAGAÇÃO DE VÍRUS INFORMÁTICOS BASEADA EM MODELOS BIOLÓGICOS,"Vírus informáticos, Transmissão; Modelos biológicos; Computer vírus; Transmission; Biological models",2013-07-17T00:00:00Z,14,Carla Manuela Alves Pinto,69,12678,0.967266,183.7391304347826
201815788,Masculino,Portugal,Sistemas Computacionais,VISITAS IMERSIVAS EM CONTEXTO TURÍSTICO,Visita Virtual; Imersividade; Panotour; Turismo; Porto; Virtual tour; Emersion; Tourism,2014-11-12T00:00:00Z,15,Antonio Abel Vieira De Castro,187,34240,15.472733,183.10160427807486
201815796,Masculino,Canadá,"Arquitecturas, Sistemas e Redes",Aplicação de Internet of Things em casas inteligentes - Serviço Aplicacional,Internet of Things; CoAP; REST; Wireless Sensor Network,2014-11-20T00:00:00Z,14,Nuno Alexandre Magalhaes Pereira,77,13666,1.316064,177.4805194805195
201815931,Masculino,Portugal,"Arquitecturas, Sistemas e Redes",Os referenciais de seguranc¸a da informac¸a~o e a melhoria conti´nua: um caso explorato´rio,Segurança da informação; Auditoria; Gestão do risco; Tecnologias de informação; Segurança de operações; Information security; Auditing; Risk management; Information technology; Operations security,2014-11-14T00:00:00Z,13,Antonio Manuel Cardoso Da Costa,92,8844,2.985921,96.1304347826087
201815940,Masculino,Portugal,"Arquitecturas, Sistemas e Redes",Automatização da alocação de posições na estrutura organizacional de SAP,SAP; ABAP; Recursos Humanos; Gestão organizacional; Administração de colaboradores; Human Resources; Organizational Management; Personnel Administration,2014-11-21T00:00:00Z,14,Jorge Manuel Neves Coelho,120,24464,2.738203,203.86666666666667
201815990,Masculino,Portugal,"Arquitecturas, Sistemas e Redes",Classificação e agregação automática de notícias desportivas,Texto; Classificação; Clustering; Notícias; Desporto; Text; Classification; News; Sports,2014-11-19T00:00:00Z,15,Nuno Filipe Fonseca Vasconcelos Escudeiro,141,29753,2.621947,211.01418439716312
201816024,Masculino,Portugal,Sistemas Computacionais,Virtual Communities of Practice: Design and Development of Support Platforms and Participation Fostering,Comunidades de prática; Gestão do conhecimento; Communities of practice; Knowledge management; Gamification,2014-10-14T00:00:00Z,17,Carlos Miguel Miranda Vaz De Carvalho,153,35804,2.716337,234.01307189542484
201816032,Masculino,Portugal,Sistemas Computacionais,Projeto topológico de uma rede rodoviária,Área Geográfica; Aglomerados Populacionais; Rede Rodoviária; Geração Automática de Redes; Geographical Area; Settlements; Road Network; Automatic Road,2014-11-21T00:00:00Z,14,Joao Paulo Jorge Pereira,76,10161,1.579781,133.69736842105263
201816059,Masculino,Portugal,Engenharia de Software,An Approach To Publish a Data Warehouse Content as Linked Data,Data Warehouse; Semantic Web; Linked (Open) Data; RDF Data Cube Vocabulary; RDB to RDF Mapping Languages; Armazém de Dados; Web Semântica,2014-11-21T00:00:00Z,13,Paulo Alexandre Fangueiro Oliveira Maio,118,25038,3.956196,212.1864406779661
201816091,Feminino,Portugal,Engenharia de Software,Análise de Desempenho e Recomendação para Soluções IVR,IVR; Data Mining; Classificação; Árvores de Decisão; C5.0; Data Mining; Classification; Decision Trees,2014-11-11T00:00:00Z,15,Paulo Jorge Machado Oliveira,97,18445,2.364219,190.15463917525773
201816210,Masculino,Portugal,Sistemas Computacionais,Ambientes Tridimensionais Sonoros,Estado emocional; Influência musical; Sugestões musicais; Bom desempenho numa tarefa; Emotional state; Musical influence; Musical suggestions; Good performance during a task,2014-11-06T00:00:00Z,14,Carlos Miguel Miranda Vaz De Carvalho,115,18110,2.607903,157.47826086956522
201816229,Masculino,Portugal,Engenharia de Software,Armazéns de Dados em Bases de Dados NoSQL,NoSQL; Big Data; Armazéns de dados; SQL Server 2014; MongoDB; Cassandra; Business Intelligence: Big Data; Data Warehousing; SQL Server 2014,2014-11-12T00:00:00Z,16,Paulo Jorge Machado Oliveira,178,53832,4.535142,302.4269662921348
201816253,Masculino,Portugal,Engenharia de Software,HÍPER-HEURÍSTICAS COM APRENDIZAGEM,Híper-heurística; Aprendizagem Automática; Q-Learning; Otimização; Escalonamento de tarefas; Meta-heurísticas; Sistemas Multiagente; Hyper-heuristics; Machine Learning; Optimization; Scheduling; Metaheuristics; Multi-Agent System,2014-11-12T00:00:00Z,15,Ana Maria Dias Madureira Pereira,115,33537,1.903363,291.62608695652176
201816270,Masculino,Portugal,"Arquitecturas, Sistemas e Redes",Aplicação para apoio a laboratórios remotos reconfiguráveis baseados na norma IEEE 1451.0,Experimentação remota; ; Norma IEEE 1451.0; TEDSs; Reconfiguração de laboratórios remotos; Remote experimentation; IEEE 1451.0 Std.; Reconfigurable remote laboratories; Weblabs,2014-11-13T00:00:00Z,14,Ricardo Jorge Guedes Da Silva Nunes Da Costa,130,37264,9.547316,286.6461538461538
201816300,Masculino,Portugal,"Arquitecturas, Sistemas e Redes",Accommodation Management System using Mobile Devices,Near Field Communication; Android; Smart Card; Emulação de Cartão; Hotelaria; Near Field Communication; Card Emulation; Hotel industry,2014-11-19T00:00:00Z,13,Lino Manuel Baptista Figueiredo,95,22573,2.109555,237.61052631578949
201816318,Masculino,Portugal,Sistemas Computacionais,"Combate à fraude em jogos de casino, assistida por computador",Banca Francesa; Jogo de casino; Computação visual; Reconhecimento de dados; Reconhecimento em tempo real; Deteção de fraude; Casino gaming; Computer vision; Dice recognition; Real time recognition; Fraud detection,2014-11-05T00:00:00Z,16,Pedro Jose De Oliveira,145,36893,11.173235,254.4344827586207
201816326,Masculino,Portugal,"Arquitecturas, Sistemas e Redes",Automatização de testes à framework myMIS,Desenvolvimento Orientado a Modelos; Testes genéricos a uma aplicação; Desenvolvimento Ágil; Model Driven Development; Generic application tests; Agile Development,2014-11-04T00:00:00Z,15,Paulo Alexandre Gandra De Sousa,87,21844,1.216675,251.08045977011494
201816334,Masculino,Portugal,Sistemas Computacionais,PROTÓTIPO EUROBOLSO,Aplicação móvel; Android; Near Field Communication; Euromilhões; Mobile Application; Near Field Communication; Euromillions,2014-11-14T00:00:00Z,13,Maria De Fatima Coutinho Rodrigues,70,12631,2.490372,180.44285714285715
201816342,Feminino,Portugal,Engenharia de Software,População e Enriquecimento de Ontologias através de Web Scrapping,World Wide Web; Web Scraping; Internet,2014-11-21T00:00:00Z,12,Paulo Alexandre Fangueiro Oliveira Maio,73,13699,3.210237,187.65753424657535
201816431,Masculino,Portugal,"Arquitecturas, Sistemas e Redes",Criador automático de aplicações nativas Android e iOS,Aplicações moveis nativas; Android; iOS; Plataforma web; Build tools; Processo de compilação; Mobile native applications; Web platform; Compilation process,2014-11-20T00:00:00Z,16,Paulo Manuel Baltarejo De Sousa,156,31612,5.580089,202.64102564102564
201816440,Masculino,Brasil,Sistemas Computacionais,Unidade de Interação e Controlo para uma cadeira de rodas elétrica automática,RevoChair; Cadeira de rodas; Deficiência; Autonomia; Wheelchair; Disability; Autonomy,2014-11-12T00:00:00Z,15,Paulo Alexandre Gandra De Sousa,72,11653,2.603514,161.84722222222223
201816482,Masculino,Portugal,Sistemas Computacionais,Criação de uma Framework Modular Vocacionada para o Desenvolvimento de Videojogos,Framework Modular; Videojogos; Interfaces para Videojogos; Game Design; Modular Framework; Video Games; Video Game Interfaces; Game Design,2014-11-14T00:00:00Z,16,Joao Paulo Jorge Pereira,122,23095,9.343346,189.30327868852459
201816512,Feminino,Portugal,Sistemas Computacionais,Utilização do Kinect no apoio ao ensino/ aprendizagem dos fundamentos da Matemática,Interfaces Naturais; Kinect; Matemática; Reconhecimento de Gestos; Natural User Interface; Mathematics; Gesture Recognition,2014-10-29T00:00:00Z,17,Joao Paulo Jorge Pereira,95,18300,2.984318,192.6315789473684
201816520,Masculino,Portugal,Engenharia de Software,Portal de Emprego Inteligente,Sistemas Periciais; Relaxamento de Restrições; Relevância de resultados; Expert Systems; Query Relaxation; Result Relevance,2014-11-14T00:00:00Z,13,Nuno Filipe Teixeira Malheiro,71,15124,5.216232,213.01408450704224
201816547,Masculino,Portugal,Sistemas Computacionais,Plataforma de gestão de guias de programação de TV digital,Guias de Programação Digital; EPG; Operadores de TV; Python; Django; PostgreSQL; Digital Schedules Listings; TV Operators,2014-11-13T00:00:00Z,15,Jose Antonio Reis Tavares,131,24748,3.335741,188.91603053435114
201816571,Masculino,Portugal,"Arquitecturas, Sistemas e Redes",ESTUDO E ANÁLISE DAS REDES CENTRADAS EM CONTEÚDOS,Content Centric; Information Centric; Named Content; CCN; CCNx; ICN; NNC,2014-11-19T00:00:00Z,15,Nuno Alexandre Magalhaes Pereira,110,27688,4.018338,251.70909090909092
201816628,Feminino,Portugal,Sistemas Computacionais,Geocaching como ferramenta de Marketing Digital,GPS; Geocaching; Geocache; Wherigo; Marketing; Multimédia,2014-11-12T00:00:00Z,14,Carlos Miguel Miranda Vaz De Carvalho,158,21840,4.912686,138.22784810126583
201819236,Feminino,Portugal,Sistemas Computacionais,Aplicação de Advergames no Contexto Empresarial,Advergames; Jogos; Formas de marketing; Games; Forms of marketing,2014-11-05T00:00:00Z,13,Carlos Miguel Miranda Vaz De Carvalho,64,11270,2.244502,176.09375
201819201,Masculino,Portugal,"Arquitecturas, Sistemas e Redes",MARKETING FOR FUTURE,Digital Cards; Loyalty; Passbook; Passwallet; Cartões Digitais; Fidelização,2014-11-21T00:00:00Z,16,Antonio Manuel Cardoso Da Costa,148,22429,9.198176,151.5472972972973
201819449,Masculino,Portugal,Engenharia de Software,Desenvolvimento e Aluguer de Software de Faturação,Aplicação de Gestão; Faturação; Aluguer de Software; Billing Software; Software subscription,2014-11-18T00:00:00Z,16,Luis Miguel Moreira Lino Ferreira,131,36081,2.966345,275.42748091603056
201819180,Masculino,Portugal,Sistemas Computacionais,Simulador para Apoio ao Ensino do Código da Estrada,Simulador; Código da estrada; Unity3D; Carta de condução; Simulator; Traffic Code; Drivers license; Unity3D,2014-11-19T00:00:00Z,17,Antonio Abel Vieira De Castro,130,21374,5.495833,164.41538461538462
201819546,Masculino,Bangladeche,Engenharia de Software,Exploring Distributed Computing Tools Through Data Mining Tasks,Distributed computing; Condor; BOINC; Data mining task; Computação distribuída; Tarefa de mineração de dados,2014-11-17T00:00:00Z,13,Paulo Jorge Machado Oliveira,99,21568,1.719992,217.85858585858585
201819260,Masculino,Portugal,Sistemas Computacionais,GEOLOCALIZAÇÃO EM ATIVIDADES FÍSICAS: APLICAÇÃO E EXPECTATIVAS,Dispositivos móveis; Actividades físicas; Aplicações móveis; GPS; Smartphones; Mobile devices; Physical activities; Mobile applications,2014-11-07T00:00:00Z,15,Filipe De Faria Pacheco Paulo,154,40900,11.866509,265.5844155844156
201819520,Masculino,Portugal,"Arquitecturas, Sistemas e Redes",BAMoL - Formalização da linguagem e validação sintática de modelos,Linguagem de domínio específico; Modelo; Validação sintática; Domain-specific language; Model; Syntactic validation,2014-11-05T00:00:00Z,15,Paulo Alexandre Gandra De Sousa,94,17497,1.883308,186.13829787234042
201824078,Masculino,Portugal,Sistemas Computacionais,Aplicação para intervenção em terapia ocupacional com o Leap Motion,Integração bilateral motora; Leap Motion; Jogo 3D; Terapia ocupacional; Bilateral motor integration; Leap Motion; 3D game; Occupational therapy,2014-11-13T00:00:00Z,15,Paula Maria De Sa Oliveira Escudeiro,129,22656,21.68068,175.62790697674419
201824175,Masculino,Portugal,Sistemas Computacionais,SISTEMA PARA A MONITORIZAÇÃO ATIVA COM RECURSO AO CLOUD COMPUTING,Dispositivos móveis; Base de dados; NoSQL;Big Data; Internet of Things; Mobile Devices;Data Base,2014-11-11T00:00:00Z,15,Filipe De Faria Pacheco Paulo,120,29161,4.669245,243.00833333333333
201824183,Masculino,Portugal,Sistemas Computacionais,Sistema de Apoio ao Utilizador de Transportes Públicos,Tempo de espera; Aplicação web; Algoritmo; Rastreamento de viaturas; Waiting time; Web application; Algorithm; Tracking of vehicles,2014-11-07T00:00:00Z,14,Paulo Alexandre Gandra De Sousa,88,17536,1.889434,199.27272727272728
201824205,Masculino,Portugal,"Arquitecturas, Sistemas e Redes",Gestão de Redes Baseada em Agentes Móveis,Gestão de Redes; Simple Network Management Protocol; Elementos de Rede; Agentes Móveis; Simulador de Redes; Network Management; Network Elements; Mobile Agents; Network Simulators,2014-11-13T00:00:00Z,16,Maria Joao Monteiro Ferreira Viamonte,107,25410,3.476947,237.47663551401868
201824230,Masculino,Portugal,Sistemas Computacionais,Desenvolvimento de uma framework para a criação de videojogos,Videojogos; Framework; Motor de videojogo; Interface; Video Games; Game Engine,2014-11-14T00:00:00Z,16,Joao Paulo Jorge Pereira,137,21614,4.897151,157.76642335766422
201824299,Masculino,Portugal,Sistemas Computacionais,Dados de Reconhecimento Facial em Business Intelligence,Business Intelligence; Reconhecimento Facial; Armazém de Dados; Face Recognition; Data Warehouse,2014-11-19T00:00:00Z,15,Paulo Jorge Machado Oliveira,125,24519,2.851918,196.152
201824396,Feminino,Portugal,Sistemas Computacionais,Selection Constructive based Hyper-heuristic for Dynamic Scheduling,Ambientes Inteligentes; Escalonamento dinâmico; Hiper-heurísticas; Aprendizagem; Otimização; Ambient Intelligence; Dynamic Scheduling; Hyper-heuristics; Learning; Optimization,2014-11-12T00:00:00Z,16,Ana Maria Dias Madureira Pereira,125,39392,1.358118,315.136
201824400,Feminino,Portugal,Engenharia de Software,Classificação de sons cardíacos usando motifs,Sons cardíacos; Patologia; Coração; Classificação; Padrões;Motifs; Heart Sounds; Pathologies; Heart; Classification; Motifs,2014-11-12T00:00:00Z,15,Elsa Maria De Carvalho Ferreira Gomes,63,11679,1.652241,185.38095238095238
201824418,Feminino,Portugal,Sistemas Computacionais,Aplicação Móvel Para Registo Clínico de Pacientes,Registo clínico; Aplicação; Mobilidade; Inovação; Área médica; Medical record; Application; Mobility; Innovation; Medical area,2014-10-29T00:00:00Z,13,Paula Maria De Sa Oliveira Escudeiro,125,31732,3.395241,253.856
201824469,Masculino,Portugal,Sistemas Computacionais,Interfaces cérebro-computador - Utilização do Emotiv EPOC para controlar software lúdico,Interfaces cérebro-computador; Jogo Pong; ; Reprodutor de música; Sistemas de recomendação; Emotiv EPOC; Brain-computer interfaces; Pong game; Music player; Recommender systems,2014-11-21T00:00:00Z,15,Nuno Filipe Fonseca Vasconcelos Escudeiro,73,14935,4.430891,204.58904109589042
201824485,Masculino,Portugal,Engenharia de Software,Tendências no Twitter,Redes Sociais; Twitter; Tendências; Extração e Análise de Dados; Social Networks; Twitter; Trends; Data Extraction and Analysis,2014-11-10T00:00:00Z,14,Isabel De Fatima Silva Azevedo,112,24524,3.039956,218.96428571428572
201824507,Masculino,Portugal,"Arquitecturas, Sistemas e Redes",Avaliação de Riscos para a Segurança da Informação no ISEP Aplicação ao Processo de Notas,Sistema de gestão da informação; Norma ISO 27001; Processos; Análise de risco; Fluxo de trabalho; Aplicação de controlos; Management information system; Processes; Risk analysis; Workflow; Application controls,2014-11-18T00:00:00Z,14,Antonio Manuel Cardoso Da Costa,99,19124,5.348693,193.17171717171718
201824531,Masculino,Portugal,"Arquitecturas, Sistemas e Redes",Aplicação de Internet of Things em casas inteligentes - Serviços de Rede,"Internet of Things; Smart-Houses; Wireless Sensor Network; 6LoWPAN; IEEE 802.15.4; IPv6, CoAP; Contiki; Border Router",2014-11-20T00:00:00Z,15,Nuno Alexandre Magalhaes Pereira,102,17192,2.365516,168.54901960784315
201824540,Masculino,Portugal,Sistemas Computacionais,Sistema Inteligente de Apoio ao Coach,Sistema de apoio ao coach; Interação homem-computador; Personas; Níveis de utilizador; Rede Bayesiana; Engenharia de usabilidade; Coach support system; Human-computer interaction; Personas; User levels; Bayesian network; Usability engineering,2014-11-07T00:00:00Z,16,Ana Maria Dias Madureira Pereira,168,44383,3.866701,264.1845238095238
201753898,Masculino,Portugal,Sistemas Computacionais,Estudo de Funcionalidades HTML5 para um Editor de Imagem na Internet,HTML5; CSS3; Canvas; JavaScript; Edição de imagens; Manipulação de imagem; Aplicações Multimédia; Aplicações Online; Image Edition; Image Manipulation; Multimedia Application; Web-Based Application,2015-11-19T00:00:00Z,14,Filipe De Faria Pacheco Paulo,159,25265,8.485344,158.8993710691824
201753960,Masculino,Portugal,"Arquitecturas, Sistemas e Redes",Criação e atualização de aplicações para área de retalho por MDA,MDA; Framework; Internet; Gerador; E-commerce; Modelos; Web; Generator; E-commerce; Models,2015-11-17T00:00:00Z,15,Ana Maria Dias Madureira Pereira,132,29138,5.151399,220.74242424242425
201104628,Masculino,Portugal,"Arquitecturas, Sistemas e Redes","IPv6 - Integração, Transição e Segurança",IPv6; Rede; Segurança; Transição; Vulnerabilidade; Risco; Network; Security; Transition; Vulnerability; Risk,2015-07-30T00:00:00Z,16,Nuno Alexandre Magalhaes Pereira,133,33101,2.291424,248.8796992481203
201104350,Masculino,Portugal,Tecnologias do Conhecimento e Decisão,Articulação de várias linguagens de programação/tecnologias no desenvolvimento aplicacional,arquitetura multicamada; arquitetura monolítica; framework; front-end; middle-tier; back-end,2015-07-27T00:00:00Z,16,Luiz Felipe Rocha De Faria,121,23902,6.032582,197.53719008264463
201753987,Masculino,Portugal,"Arquitecturas, Sistemas e Redes",Frameworks Verticas vs Horizontais Gestão de Recursos Humanos com o OFBiz,ERP; Open Source; Framework; Protótipo; OFBiz; Spring; Prototype,2015-11-17T00:00:00Z,14,Alexandre Manuel Tavares Braganca,113,23771,5.545937,210.36283185840708
201753995,Masculino,Portugal,"Arquitecturas, Sistemas e Redes",O Futuro dos Centros de Dados,Tecnologias de Informação; Centro de Dados; Computação na Nuvem; Virtualização; Consolidação; Disponibilidade; Information Technology; Data Center; Cloud Computing; Virtualization; Consolidation; Availability,2015-11-18T00:00:00Z,15,Nuno Alexandre Magalhaes Pereira,120,34728,5.006108,289.4
201754029,Masculino,Portugal,"Arquitecturas, Sistemas e Redes",Desenvolvimento de software com integração contínua,Integração contínua; Desenvolvimento de software; Continuous integration; Software Development,2015-11-17T00:00:00Z,14,Nuno Alexandre Magalhaes Pereira,94,20303,2.296137,215.98936170212767
201754045,Feminino,Portugal,Engenharia de Software,Previsão e definição de perfis na gestão dos recursos de energia no âmbito de edifícios auto-sustentáveis,Energia elétrica; Energias renováveis; Edifícios inteligentes; Sustentabilidade; Eficiência energética; Previsão; Electricity; Renewable energy; Intelligent buildings; Sustainability; Energy efficiency; Prediction,2015-11-16T00:00:00Z,15,Isabel Cecilia Correia Da Silva Praca Gomes Pereira,87,17595,4.951134,202.24137931034483
201754053,Masculino,Portugal,Sistemas Computacionais,SIAWISE AUDIT,SIAWISE AUDIT; Gestão de Legislação; Avaliação da Conformidade Legal; Gestão de Auditorias; Identificação de Legislação aplicável; App Windows 8.1; Legislative management; Evaluation of Legal Conformity; Audit Management,2015-10-30T00:00:00Z,15,Alberto Antonio Chalupa Sampaio,112,19671,6.029179,175.63392857142858
201754061,Masculino,Portugal,Engenharia de Software,Scalable Intelligence for Scheduling Systems,Modelação do utilizador; Interação homem-máquina; Aprendizagem automática; Sistemas de escalonamento; Design centrado no utilizador; Inteligência escalável; User Modelling; Human-Computer Interaction; Machine Learning; Scheduling Systems,2015-11-09T00:00:00Z,16,Ana Maria Dias Madureira Pereira,111,32282,8.247231,290.8288288288288
201754118,Masculino,Portugal,"Arquitecturas, Sistemas e Redes",Estratificação da interação com o utilizador em ambientes de Realidade Virtual,Realidade Virtual; Interação Pessoa-Máquina; Virtual Reality; Human-Computer Interaction,2015-11-18T00:00:00Z,15,Nuno Miguel Gomes Bettencourt,108,18460,23.686072,170.92592592592592
201754126,Masculino,Portugal,"Arquitecturas, Sistemas e Redes",Sistema de monitorização e alarmística de ativos de rede,Switch; Access Point; UPS; Monitorização; Alarmística; Monitoring; Alarms,2015-11-20T00:00:00Z,14,Antonio Manuel Cardoso Da Costa,146,34764,5.918702,238.1095890410959
201754169,Masculino,Portugal,"Arquitecturas, Sistemas e Redes",Middleware for Large-scale Distributed Systems,Distributed Systems; Middleware; AMQP; XMPP; Publish-Subscribe; Service-oriented Architecture; Sistemas Distribuídos; Arquitetura Orientada a Serviços,2015-11-23T00:00:00Z,15,Luis Miguel Moreira Lino Ferreira,122,33748,6.463555,276.62295081967216
201754231,Masculino,Portugal,"Arquitecturas, Sistemas e Redes",Avaliação dos mecanismos de concorrência na API do Java 8,Multicore; Parallel/concorrent programming; Operative System; Java; Synchronization; Algorithms; API; Núcleos; Programação paralela; Programação concorrente; Sistema operativo; Sincronização; Algoritmos,2015-11-13T00:00:00Z,16,Luis Miguel Pinho Nogueira,151,44747,11.408743,296.3377483443709
201754304,Masculino,Portugal,Sistemas Computacionais,Rapp?s ? Sistema de recomendação de apps de produtividade para Android,Produtividade; Dispositivo móvel; Apps; Sistemas de recomendação; Productivity; Mobile; Device; Recommender system,2015-11-16T00:00:00Z,16,Antonio Abel Vieira De Castro,150,34799,6.443166,231.99333333333334
201754320,Masculino,Portugal,Engenharia de Software,Desenvolvimento de uma framework de argumentação para apoio à tomada de decisão ubíqua,Sistemas de Apoio à Tomada de Decisão em Grupo; Sistemas Multi-Agente; Computação Ubíqua; Problemas Multi-Critério; Estilos de Comportamento; Group Decision Support Systems; Multi-Agent Systems; Ubiquitous Computing; Multi-Criteria Problems,2015-11-09T00:00:00Z,16,Maria Goreti Carvalho Marreiros,145,41151,2.709465,283.8
201163101,Masculino,Portugal,"Arquitecturas, Sistemas e Redes",ViDi Stat,"Ferramenta inteligência de negócio, Mineração de dados; Mineração de dados na educação; Estatísticas; Qualidade de ensino; Business intelligence; Data mining; Educational data mining; Statistics: Educ",2015-11-23T00:00:00Z,14,Carlos Manuel Abreu Gomes Ferreira,275,49922,8.208084,181.53454545454545
201180502,Masculino,Portugal,Sistemas Gráficos e Multimédia,Estudo Focado no Utilizador de Software Gratuito para Modelação e Visualização 3D Realista,Blender; Unreal; Render; Raytracing; Pathtracing; Iluminação,2015-11-18T00:00:00Z,13,Filipe De Faria Pacheco Paulo,85,15789,7.769776,185.75294117647059
201754339,Masculino,Portugal,"Arquitecturas, Sistemas e Redes",User Profiling and Knowledge Extraction For Tourism,Turismo; Data Mining; POI; Clustering; Sistemas de recomendação; Similaridade; Tourism; Recommender systems; Similarity,2015-11-12T00:00:00Z,14,Ana Maria Neves Almeida Baptista Figueiredo,96,17811,5.023902,185.53125
201754355,Feminino,Portugal,"Arquitecturas, Sistemas e Redes",Diagnóstico cardíaco a partir de dados acústicos e clínicos,"Sons cardíacos, Motifs; Dados clínicos; Classificação; Diagnóstico; Heart Sounds; Motifs; Clinic data; Classification; Diagnostic",2015-11-17T00:00:00Z,14,Elsa Maria De Carvalho Ferreira Gomes,81,18069,4.166193,223.07407407407408
201754371,Masculino,Portugal,Engenharia de Software,An Open Source BI Approach: Concept Proof Tracking Fleet,Inteligência de negócio; Pentaho; ETL; Acompanhamento Frotas; Armazéns de Dados; Modelo Dimensional; Business Intelligence; Fleet Tracking; Data Warehouses; Dimensional Modeling,2015-11-19T00:00:00Z,15,Paulo Jorge Machado Oliveira,119,31010,7.041957,260.5882352941176
201754410,Masculino,Portugal,"Arquitecturas, Sistemas e Redes",Classificação de sons urbanos usando motifs e MFCC,Classificação de sons urbanos; Mineração de dados; Motifs; MFCC; Urban Sound Classification; Data mining,2015-11-16T00:00:00Z,16,Elsa Maria De Carvalho Ferreira Gomes,93,19037,4.746527,204.69892473118279
201754436,Masculino,Portugal,Engenharia de Software,Descoberta de Conhecimento em Dádivas de Sangue,Mineração de dados; CRISP-DM; Saúde; Clementine 12.0; Classificação; Segmentação; Regras de Associação; Data Mining; Healthy; Classification; Clustering; Association Rules,2015-11-20T00:00:00Z,16,Paulo Jorge Machado Oliveira,122,24247,5.179818,198.74590163934425
201201496,Masculino,Portugal,"Arquitecturas, Sistemas e Redes",Implementação of an IoT-based sensor network integrating IoT-based sensor networks with large-scale message distribuition,Sensor Network; Programming; Internet of Things; Message Trading,2015-11-12T00:00:00Z,13,Nuno Alexandre Magalhaes Pereira,77,13651,5.248223,177.28571428571428
201754479,Masculino,Suíça,"Arquitecturas, Sistemas e Redes",Integrador para Sistema de Gestão Documental,Resultados clínicos; Profissional de Saúde; HL7 (Health Level Seven); CDA (Clinical Document Architecture); IHE (Integrating the HealthCare Enterprise); MongoDB; Clinical results; Health professional,2015-11-10T00:00:00Z,15,Alberto Antonio Chalupa Sampaio,79,13220,5.752585,167.34177215189874
201754509,Masculino,Portugal,Engenharia de Software,Ontologies for the interoperability of multi-agent electricity markets simulation platforms,Electricity Markets; Multi-agent Simulation; Ontologies; Semantic Interoperability; Interoperabilidade Semântica; Mercados de Energia Elétrica; Ontologias; Simulação Multiagente,2015-11-23T00:00:00Z,18,Zita Maria Almeida Do Vale,165,47205,7.558569,286.09090909090907
201754541,Masculino,Portugal,"Arquitecturas, Sistemas e Redes",Migração de aplicações móveis híbridas para Android nativo,Metodologias de desenvolvimento móveis; Aplicações móveis híbridas; Aplicações móveis nativas; Plano de migração; Desempenho e comportamento aplicacional; Mobile development methodologies; Hybrid mobile applications; Native mobile applications,2015-11-11T00:00:00Z,14,Paulo Manuel Baltarejo De Sousa,103,30076,1.924009,292
201754550,Masculino,Portugal,Sistemas Computacionais,Jogos digitais com contos infantis - Uma proposta de brinquedo-jogo para dispositivos móveis,Contos infantis; Jogos; Dispositivos móveis; Tecnologias; Children´s stories; Games; Technologies; Mobile Devices,2015-11-19T00:00:00Z,13,Ana Margarida Sousa Julio Mendes Barata,103,25778,6.132025,250.27184466019418
201094584,Masculino,Portugal,"Arquitecturas, Sistemas e Redes",Ferramenta Inteligente de Recolha de Dados,Comunicação de dados; Segurança de dados; Armazenamento de dados; Processamento de dados; Data communication; Data security; Data storage; Data processing,2015-09-22T00:00:00Z,15,Antonio Manuel Cardoso Da Costa,148,32992,3.920347,222.9189189189189
201754576,Masculino,Portugal,Sistemas Computacionais,Proposta de solução de videovigilância para locais remotos,SVR; Raspberry Pi; Streaming; Câmara; Web; Internet; Camera; Video surveillance,2015-11-13T00:00:00Z,14,Antonio Abel Vieira De Castro,154,31207,8.218312,202.64285714285714
201754592,Feminino,Portugal,Sistemas Computacionais,Social Media Integration in Video Games. GameNshare: A Social Overlay for Desktop Games.,Social media integration; Desktop games; Social overlay; Social networks; Gameplay experiences; Integração dos media sociais; Jogos de computador; Software de integração dos media sociais; Redes sociais; Experiências no jogo,2015-11-13T00:00:00Z,17,Filipe De Faria Pacheco Paulo,160,32102,8.701424,200.6375
201754614,Masculino,Portugal,"Arquitecturas, Sistemas e Redes",Real-time TAsk-Splitting scheduling algorithms framework,Sistemas multiprocessador; Escalonamento multiprocessador de tempo-real; Escalonamento semi-particionado; Análise de escalonabilidade; Linux; Multiprocessor Systems; Multiprocessor Real-Time Scheduling; Semi-Partitioned Scheduling,2015-11-10T00:00:00Z,15,Paulo Manuel Baltarejo De Sousa,104,39311,3.562005,377.99038461538464
201754622,Masculino,Portugal,Sistemas Computacionais,Contributos das TIC para as Necessidades Educativas Especiais - Treino da Perceção Visual,Necessidades Educativas Especiais; Dificuldades de Aprendizagem Específicas; Portal; Plano de Treino; Perceção Visual; TIC; Special Needs Education; Specific Learning Disabilities; Network System; Training Plan; Visual Perception; Informatics,2015-11-13T00:00:00Z,15,Carlos Miguel Miranda Vaz De Carvalho,102,24933,9.757168,244.44117647058823
201754657,Masculino,Portugal,"Arquitecturas, Sistemas e Redes",Multicore Scheduling of Real-Time Irregular Parallel Algorithms in Linux,Escalonamento de tempo real; Sistemas abertos de tempo real; Computacão paralela; Task-parallelism; Capacity-sharing; Work-stealing; Linux; Open real-time scheduling; Parallel computing,2015-11-18T00:00:00Z,16,Luis Miguel Pinho Nogueira,152,59005,5.081893,388.1907894736842
201754665,Masculino,Portugal,"Arquitecturas, Sistemas e Redes",Controlo de acesso móvel,Fechaduras inteligentes; Bluetooth; Controlo de acesso; Smartphone; BeagleBone Black; Open source; Smartlocks; Access control,2015-11-06T00:00:00Z,15,Alexandre Manuel Tavares Braganca,136,42070,11.133693,309.3382352941176
201162520,Masculino,Portugal,Tecnologias do Conhecimento e Decisão,Estudo e Avaliação de Plataformas de Business Intelligence em contexto empresarial,Business Intelligence; Plataformas BI Comerciais; Plataformas BI Open Source; Ferramentas de BI; Commercial BI Platforms; Open Source BI Platforms; BI tools,2015-10-12T00:00:00Z,14,Ana Maria Neves Almeida Baptista Figueiredo,144,29124,10.830769,202.25
201162466,Masculino,Portugal,"Arquitecturas, Sistemas e Redes",Gestão de Redes e Sistemas: Estudo de um caso,Gestão de Redes; Monitorização; Classificação de Tráfego; Desempenho; Network Management; Monitoring; Traffic Classification; Performance,2015-11-17T00:00:00Z,13,Maria Joao Monteiro Ferreira Viamonte,96,15192,4.407261,158.25
201754720,Masculino,Portugal,"Arquitecturas, Sistemas e Redes",Adaptation and Localization of Open Source ERPs - The case of Parties in OFBiz,ERPs; Gestão de Entidades; Apache OFBiz; SAP ERP; Party Management,2015-11-12T00:00:00Z,15,Alexandre Manuel Tavares Braganca,281,49954,9.855818,177.77224199288256
201754770,Masculino,Portugal,Sistemas Computacionais,Adaptive Game Design Study of a fully adaptive framework,Video jogos; Design adaptativo; Sistema de diálogos baseado em ficheiros; Sistema de personalidades; Adaptive game design; Dialogue system; Personality traits; Adaptive combat,2015-11-19T00:00:00Z,14,Filipe De Faria Pacheco Paulo,114,28111,7.186557,246.58771929824562
201754797,Masculino,Cabo Verde,Sistemas Computacionais,Exergames - Jogos Sérios para Promover o Exercício Físico,Jogos sérios; Exergames; Equipamentos de exercício físico; Dispositivos móveis; Serious games; Fitness equipment; Mobile devices,2015-11-23T00:00:00Z,15,Carlos Miguel Miranda Vaz De Carvalho,105,20707,5.770908,197.2095238095238
201754800,Masculino,Portugal,"Arquitecturas, Sistemas e Redes",Hypermedia-based Web Services as System Integrators,Web Service; REST; SOAP; BPM,2015-11-19T00:00:00Z,15,Alexandre Manuel Tavares Braganca,158,46172,41.322238,292.2278481012658
201754827,Masculino,Portugal,Sistemas Computacionais,Desenvolvimento de Frameworks de Testes Automáticos de Software,Metodologias ágeis; Frameworks; Testes automáticos; Funcionais; Unitários; Agile methodologies; Automated tests; Functional; Unit,2015-11-16T00:00:00Z,15,Antonio Constantino Lopes Martins,175,42147,3.987535,240.84
201754843,Masculino,Portugal,Sistemas Computacionais,Guia de desenvolvimento de jogos para programadores independentes,Jogos; Plataformas; Design gráfico; Programação; Independente; Desenvolvimento software; 2048; Games; Distribution platforms; Graphic design; Independent; Programming; Software development,2015-11-16T00:00:00Z,14,Filipe De Faria Pacheco Paulo,110,28888,7.162734,262.6181818181818
201754967,Feminino,Portugal,Engenharia de Software,Providing Adaptation for an Adaptive Hypermedia System,Hipermédia Adaptativa Educacional; Modelo do Utilizador; Modelo de Adaptação; Objectos de Aprendizagem; Constructivismo; Estilos de Aprendizagem; Adaptive Educational Hypermedia; User Model; Adaptation Model; Learning Objects; Constructivism,2015-11-17T00:00:00Z,17,Luiz Felipe Rocha De Faria,109,32987,4.400617,302.6330275229358
201754991,Masculino,Portugal,Sistemas Computacionais,Tecnologias Multimédia no Apoio ao Ensino da Assistência Pré-Hospitalar,Multimédia; Objeto de Aprendizagem; CiTAT; Tripulante de Ambulância de Transporte; Assistência Pré-hospitalar; e-learning; b-learning; Multimedia; Learning Objects; Ambulance Crew Member; Pre-hospital Care,2015-11-20T00:00:00Z,15,Antonio Abel Vieira De Castro,153,37358,10.081807,244.16993464052288
201755017,Masculino,Portugal,"Arquitecturas, Sistemas e Redes",Frameworks e Bibliotecas Javascript,Platforms; Frameworks; Libraries; Javascript; Use cases; Plataformas; Bibliotecas; Cenários,2015-11-16T00:00:00Z,14,Nuno Alexandre Pinto Da Silva,70,15097,3.892875,215.67142857142858
201755025,Masculino,Portugal,"Arquitecturas, Sistemas e Redes",Estudo de vulnerabilidades em aplicações web e o seu reflexo em domínios Portugueses,Ataques informáticos; Vulnerabilidades; Ameaças; Segurança informática; Aplicações Web; Cyber attacks; Vulnerabilities; Threats; Computer Security; Web Applications,2015-11-19T00:00:00Z,14,Nuno Alexandre Magalhaes Pereira,107,23303,4.34411,217.78504672897196
201755033,Masculino,Portugal,Sistemas Computacionais,NAVEGAC¸A~O WEB ANO´NIMA E SEGURA,Segurança; Navegação anónima; Rede Tor; Linux; Violência; Pirataria informática; Cibercrime; Security; Private browsing; Tor network; Opens source; Violence; Hacking,2015-11-23T00:00:00Z,16,Antonio Abel Vieira De Castro,166,38813,11.342857,233.8132530120482
201755076,Masculino,Portugal,Engenharia de Software,Arquitetura REST em smartphones Android,Web Services; SOAP; REST; Segurança; Testes; Security; Tests,2015-11-13T00:00:00Z,11,Luis Miguel Moreira Lino Ferreira,115,20536,5.684989,178.57391304347826
201755084,Masculino,Portugal,Sistemas Computacionais,Solução Industrial para Controlo de OEE,OEE; Aplicações móveis; Usabilidade; Near Field Communication; Android; Mobil Applications; Usability,2015-11-18T00:00:00Z,14,Maria De Fatima Coutinho Rodrigues,85,14724,5.263701,173.2235294117647
201204835,Masculino,Portugal,Sistemas Gráficos e Multimédia,All About Portugal - Website dedicado ao turismo externo em Portugal,Turismo; Motores de pesquisa; Google; SEO; Tourism; Search engines,2015-11-16T00:00:00Z,15,Carlos Miguel Miranda Vaz De Carvalho,125,26174,16.971077,209.392
201202700,Masculino,Portugal,Sistemas Gráficos e Multimédia,A framework for real time MMO game content generation,Plataformas móveis; Real time massively multiplayer online game; MMO; Videojogos; Framework flexível,2015-11-11T00:00:00Z,16,Jorge Manuel Neves Coelho,86,20897,7.292424,242.98837209302326
201202620,Masculino,Portugal,Sistemas Gráficos e Multimédia,A Eficácia da Plataforma Talky - a Destrava Línguas em Crianças com Perturbações da Linguagem,"Modes and Effects Analysis; Perturbações da linguagem; TIC; Software educativo; ""Talky  A Destrava Línguas; Language disorders; ICT; Educational software",2015-11-20T00:00:00Z,14,Nuno Filipe Fonseca Vasconcelos Escudeiro,105,20682,2.10336,196.97142857142856
201202573,Masculino,Portugal,"Arquitecturas, Sistemas e Redes",Efeitos especiais mediados por Kinect em contexto de espetáculo de dança ao vivo,Dança; Espetáculos; Sensores de Movimento; Efeitos; Interação; MoveU; Dance; Shows; Motion Sensors; Effects; Interaction,2015-11-13T00:00:00Z,15,Antonio Abel Vieira De Castro,158,38727,7.115055,245.10759493670886
201163071,Masculino,Portugal,"Arquitecturas, Sistemas e Redes",ViDi Stat,"Ferramenta inteligência de negócio, Mineração de dados; Mineração de dados na educação; Estatísticas; Qualidade de ensino; Business intelligence; Data mining; Educational data mining; Statistics: Educ",2015-11-16T00:00:00Z,14,Carlos Manuel Abreu Gomes Ferreira,275,49898,8.205787,181.44727272727272
201749092,Masculino,Portugal,Sistemas de Informação e Conhecimento,Plataforma de Fidelização de Clientes (Multiempresa),PaaS; Customer Loyalty; Discount Card; Smartphone,2016-11-16T00:00:00Z,13,Jorge Manuel Neves Coelho,NA,NA,NA,NA
201749157,Feminino,Portugal,Sistemas Computacionais,Apoio à validação técnica da rede em ambiente de simulação multi-agente de mercados de energia elétrica,Eletric power Industry; Eletricity markets; Power Flow; Electric Network; Multi-agent Simulation,2016-11-17T00:00:00Z,16,Isabel Cecilia Correia Da Silva Praca Gomes Pereira,134,32079,6.865248,239.3955223880597
201749173,Feminino,Portugal,Sistemas de Informação e Conhecimento,Proximity based serious games for hospitality,Turismo; Hospitalidade; Jogos Sérios; Android; Tecnologias móveis,2016-11-24T00:00:00Z,16,Ana Maria Dias Madureira Pereira,117,28523,5.449435,243.7863247863248
201277875,Masculino,Portugal,Sistemas Computacionais,Protótipo Plataforma de Escrita,Machine learning; natural language processing (NLP); inteligência artificial; processamento de texto; Text Mining; Data Mining,2016-07-28T00:00:00Z,16,Nuno Filipe Fonseca Vasconcelos Escudeiro,144,32018,6.996853,222.34722222222223
201749254,Masculino,Portugal,Sistemas Computacionais,Framework de Agilização do Processo de criação de Aplicações Multiplataforma através da Geração Automática de Código,speed; acceleration; development; cross-platform; automatic code generation; business logic,2016-11-18T00:00:00Z,15,Paulo Alexandre Fangueiro Oliveira Maio,NA,NA,NA,NA
201749270,Masculino,Portugal,Sistemas de Informação e Conhecimento,FD+ Fall Detection,Domotic; Internet of Things; Engineering; Health; Monitoring; Fall;,2016-11-22T00:00:00Z,15,Jorge Manuel Neves Coelho,NA,NA,NA,NA
201749289,Masculino,Suíça,Sistemas Gráficos e Multimédia,Desenvolvimento de Plataformas Multicanal,Internet; Bank; Internet Banking; Multichannel; Security,2016-11-18T00:00:00Z,14,Antonio Constantino Lopes Martins,117,23241,8.964944,198.64102564102564
201749360,Masculino,Portugal,Sistemas Computacionais,Funcionalidades avançadas para pontos de venda móveis Caso de estudo aplicado ao produto MediaPOS,Point of Sale; Mobile Application; Cross-Platform Solution; Advanced features,2016-11-24T00:00:00Z,15,Paulo Manuel Baltarejo De Sousa,133,34461,5.97397,259.10526315789474
201290510,Masculino,Portugal,Sistemas de Informação e Conhecimento,Processo de Análise de Negócio,Análise de Negócio; Gestão de Requisitos; Gestão de Risco; Engenharia de Software; Segurança; Requisitos e Qualidade.,2016-07-28T00:00:00Z,18,Paulo Jorge Machado Oliveira,131,30178,17.439336,230.36641221374046
201277794,Masculino,Portugal,Sistemas de Informação e Conhecimento,Sistema de recomendação baseado em Data Mining,Inteligência Empresarial; Mineração de Dados; Classificação; Regras de Associação; Sistema de Recomendação;: Business Intelligence; Data Minin; Classification; Association Rules;Recommendation System,2016-07-28T00:00:00Z,16,Maria De Fatima Coutinho Rodrigues,177,42330,5.189408,239.15254237288136
201749394,Masculino,Portugal,Sistemas de Informação e Conhecimento,Framework 3D OpenWorld Maker,Dapper; Sql Server; Unreal Engine; RUDP; Game Engine; Network,2016-11-22T00:00:00Z,14,Antonio Abel Vieira De Castro,NA,NA,NA,NA
201749416,Masculino,Portugal,Sistemas Gráficos e Multimédia,Full Stack Application Generation for Insurance Sales based on Product Models,Insurance; Line-of-Business; Different conceptual models; Adaptation; Code Generatio,2016-11-24T00:00:00Z,17,Paulo Alexandre Gandra De Sousa,165,45912,5.403592,278.25454545454545
201749424,Masculino,Portugal,Sistemas de Informação e Conhecimento,Who is Tracking Me on the Web?,Privacy; Methods of gathering information; Entities,2016-11-23T00:00:00Z,15,Nuno Alexandre Magalhaes Pereira,79,17221,4.229985,217.9873417721519
201703440,Masculino,Portugal,Sistemas Gráficos e Multimédia,Friends Location Tracker (FLT) - Mecanismos de promoção da sociabilização presencial,Tecnologia; Aplicação; Android; Localização; Rede Social; Dispositivo móvel; Technology; Application;Location; Social Network; Mobile device,2016-10-11T00:00:00Z,12,Antonio Abel Vieira De Castro,83,12509,5.144007,150.710843373494
201749521,Masculino,São Tomé e Príncipe,Sistemas de Informação e Conhecimento,Plataforma para recolha e identificação automática de espécies de pássaros utilizando registos áudio,Sound Classification; data mining; motifs; MFCC,2016-11-22T00:00:00Z,16,Elsa Maria De Carvalho Ferreira Gomes,117,20327,5.726409,173.73504273504273
201749580,Masculino,Portugal,Sistemas Computacionais,INTEGRAÇÃO E ADAPTAÇÃO DO SOFTWARE EASY2REC COM A PLATAFORMA EDUCAST@FCCN DA FCCN,Easy2rec; Educast; Videoaula; E-Learning; Lecture Recording; Windows,2016-11-23T00:00:00Z,15,Antonio Abel Vieira De Castro,101,23325,5.87517,230.94059405940595
201330865,Masculino,Portugal,Sistemas de Informação e Conhecimento,Modélisation prédictive des interactions entre bactéries et virus bactériophages,Phagothérapie; Apprentissage automatique; Phage therapy; Machine learning,2016-09-09T00:00:00Z,17,Antonio Constantino Lopes Martins,147,38488,7.430711,261.82312925170066
201749670,Masculino,Portugal,Sistemas de Informação e Conhecimento,Implementação de Processos RH em SAP,SAP; HR; P&F; Workflow; ABAP,2016-11-16T00:00:00Z,14,Jorge Manuel Neves Coelho,NA,NA,NA,NA
201749700,Masculino,Portugal,Sistemas de Informação e Conhecimento,Reescrita de operações de limpeza de dados,Data Quality; DQM; Data Cleaning Operations; Query rewriting; ontologies,2016-11-15T00:00:00Z,15,Paulo Alexandre Fangueiro Oliveira Maio,114,32004,5.305949,280.7368421052632
201749718,Masculino,Portugal,Sistemas de Informação e Conhecimento,Plataforma de Fidelização de Clientes (Multiempresa),PaaS; Customer Loyalty; Discount Cards; Smartphone,2016-11-16T00:00:00Z,13,Jorge Manuel Neves Coelho,NA,NA,NA,NA
201749750,Masculino,Portugal,Sistemas de Informação e Conhecimento,SERENITY Home Automation,Home Automation; Efficiency; Accessibility; Security; Android; Communication,2016-11-17T00:00:00Z,17,Nuno Filipe Fonseca Vasconcelos Escudeiro,NA,NA,NA,NA
201749769,Masculino,Portugal,Sistemas Computacionais,Estudo de Segurança dos Protocolos SSL/TLS,TLS; SSL; HTTPS; Vulnerabilities; Security; Internet,2016-11-24T00:00:00Z,15,Nuno Alexandre Magalhaes Pereira,121,19763,12.797904,163.3305785123967
201749793,Masculino,Portugal,Sistemas de Informação e Conhecimento,Análise da Gestão de Palavras-Chave,Autenticação; gestão; segurança,2016-11-25T00:00:00Z,16,Jorge Manuel Canelhas Pinto Leite,NA,NA,NA,NA
201749815,Masculino,Portugal,Sistemas Computacionais,Estudo da Aplicação do Material Design em Computadores Pessoais: Desenvolvimento de um Media Player,interfaces gráficas; usabilidade; Material Design; open-source; multimédia; Linux,2016-11-16T00:00:00Z,16,Joao Paulo Jorge Pereira,127,57071,6.683417,449.37795275590554
201749823,Masculino,Portugal,Sistemas de Informação e Conhecimento,Plataforma de apoio à avaliação de ciclos de estudo,Bologna process; Evaluation; Accreditation; A3ES,2016-11-23T00:00:00Z,15,Jorge Manuel Canelhas Pinto Leite,108,19091,4.666421,176.7685185185185
201749831,Feminino,Portugal,Sistemas de Informação e Conhecimento,Business Intelligence em Avaliações de Alunos da Licenciatura em Engenharia Informática,Business Intelligence; Data Warehouse; ETL; OLAP,2016-11-22T00:00:00Z,15,Paulo Jorge Machado Oliveira,148,34495,6.651087,233.07432432432432
201749874,Masculino,Portugal,Sistemas de Informação e Conhecimento,Deteção de convulsões epiléticas a partir de eletroencefalogramas,Classification; data mining; motifs,2016-11-18T00:00:00Z,16,Elsa Maria De Carvalho Ferreira Gomes,133,35292,5.733142,265.3533834586466
201749882,Masculino,Portugal,Sistemas de Informação e Conhecimento,Poi engine - Sistema automático de pesquisa e recolha de pontos de interesses turísticos relativos a formação na área da saúde,Recommendation system; tourism; professional tourism; points of interest,2016-11-23T00:00:00Z,15,Ana Maria Neves Almeida Baptista Figueiredo,143,31154,5.510157,217.86013986013987
201749939,Masculino,Portugal,Sistemas Computacionais,Jogos adaptativos para apoio à reabilitação de pessoas com perda de memória,Memory; Rehabilitation; Memory Loss,2016-11-25T00:00:00Z,13,Antonio Abel Vieira De Castro,115,17206,9.658863,149.61739130434782
201749947,Masculino,Portugal,Sistemas Computacionais,Análise Sentimental em Recursos do YouTube,Sentiment analysis; natural language processing; YouTube; comments; polarity,2016-11-17T00:00:00Z,15,Isabel De Fatima Silva Azevedo,115,17206,9.658863,149.61739130434782
201708582,Masculino,Portugal,Sistemas Computacionais,Estudo das Normas para Sistemas de Transporte Inteligente Cooperativo (C-ITS),Veículos inteligentes; V2x; V2V; V2I; C-ITS; ITS; VANET; MANET; WAVE; IEEE 802.11p; Intelligent Vehicles,2016-11-14T00:00:00Z,12,Nuno Alexandre Magalhaes Pereira,NA,NA,NA,NA
201749980,Masculino,Portugal,Sistemas de Informação e Conhecimento,Database as a Service (DaaS) or RDBMS?,Database; Database as a Service (DaaS); Relational DataBase Management System (RDBMS),2016-11-24T00:00:00Z,14,Ana Maria Neves Almeida Baptista Figueiredo,106,23644,6.132738,223.0566037735849
201750015,Masculino,Portugal,Sistemas Computacionais,Scarlett Game Studio,Multimedia; Development Tools; Videogames; 2D,2016-11-21T00:00:00Z,14,Filipe De Faria Pacheco Paulo,106,21346,7.450494,201.37735849056602
201750058,Masculino,Portugal,Sistemas de Informação e Conhecimento,Plataforma Automática de Estimulação e Avaliação Cognitiva,Cognitive Stimulation; Cognitive Decline; Attention; Memory; Orientation; Educational Games; Serious Games; Assessment,2016-11-21T00:00:00Z,16,Nuno Filipe Fonseca Vasconcelos Escudeiro,177,47028,7.668383,265.6949152542373
201554771,Masculino,Portugal,Sistemas Gráficos e Multimédia,Praxis Market Gap Analysis,Processamento automático de texto; Nuvem de etiquetas; Documentos orientados a dados; Text Mining; Tag Clouds; Clustering; Data-Driven Documents,2016-10-20T00:00:00Z,16,Nuno Filipe Fonseca Vasconcelos Escudeiro,93,24803,5.448808,266.6989247311828
201750090,Masculino,Portugal,Sistemas Computacionais,Como é que as tecnologias de informação podem ajudar na gestão de modelos de avaliação de colaboradores,Evaluation models; management assessment; employee tracking; performance evaluation,2016-11-22T00:00:00Z,14,Paula Maria De Sa Oliveira Escudeiro,85,16628,4.789961,195.6235294117647
201750112,Masculino,Portugal,Sistemas Computacionais,Análise em tempo real de dados com bases de dados não relacionais,Performance; Drivers tracking,2016-11-21T00:00:00Z,13,Isabel De Fatima Silva Azevedo,98,17871,4.962255,182.35714285714286
201750120,Masculino,Portugal,Sistemas Computacionais,Tradutor bidirecional de linguá gestual portuguesa,Sign language; VirtualSign; Unity; Configurator;Translator,2016-11-23T00:00:00Z,15,Paula Maria De Sa Oliveira Escudeiro,138,23130,7.853791,167.6086956521739
201750155,Masculino,Portugal,Sistemas de Informação e Conhecimento,Plataforma Automática de Estimulação e Avaliação Cognitiva,Cognitive Stimulation; Cognitive Decline; Attention; Memory; Orientation; Educational Games; Serious Games; Assessment; Unity; ASANA; Bitbucket; Scrum; C#;,2016-11-21T00:00:00Z,17,Nuno Filipe Fonseca Vasconcelos Escudeiro,177,47028,7.668386,265.6949152542373
201750198,Masculino,Portugal,Sistemas de Informação e Conhecimento,Modelos de Data Mining para suporte a avaliações sensoriais do vinho,Vinho Verde Science; Decision trees; Bagged trees; Support vector machine; Random forest,2016-11-15T00:00:00Z,15,Maria De Fatima Coutinho Rodrigues,72,13480,5.393315,187.22222222222223
201750236,Masculino,Portugal,Sistemas Computacionais,Discovering Badges,Open Badges; Digital Badges; OBI; xAPI; LRS; Microservices; Software Engineering,2016-11-17T00:00:00Z,17,Isabel De Fatima Silva Azevedo,146,33646,7.139661,230.45205479452054
201750252,Masculino,Portugal,Sistemas Computacionais,Solução parametrizável para Corporate TV,Corporate TV; sinalética digital; Raspberry Pi; R;CTV; Informação; gestão de conteúdos,2016-11-22T00:00:00Z,14,Antonio Abel Vieira De Castro,146,34860,6.776762,238.76712328767124
201750260,Masculino,Portugal,Sistemas Computacionais,Anxiety reducing through a neurofeedback serious game with dynamic difficulty adjustment,Serious Games; Neurofeedback; Dynamic Difficulty Adjustment;,2016-11-24T00:00:00Z,15,Filipe De Faria Pacheco Paulo,99,20269,6.825462,204.73737373737373
201384574,Masculino,China,Sistemas Gráficos e Multimédia,Reconhecimento de fala e processamento de linguagem natural Módulo que permita assistir os médicos no bloco de operatório a partir de comandos de voz,Reconhecimento automático de fala; Processamento de linguagem natural; Automatic Speech Recognition; Natural language processing,2016-11-08T00:00:00Z,12,Filipe De Faria Pacheco Paulo,67,14878,4.390256,222.0597014925373
201750350,Masculino,Portugal,Sistemas Computacionais,Modelo de um jogo de cooperação orientado para a comunidade surda,Sign Language; Cooperation; Multiplayer Game; VirtualSign,2016-11-25T00:00:00Z,16,Paula Maria De Sa Oliveira Escudeiro,132,22130,9.629466,167.65151515151516
201750430,Masculino,Portugal,Sistemas Computacionais,Digital Billboard,Billboard; Billboard Digital; SBC; LCD; LED; PHP; HTML; CSS; LAMP; CPU; GPU; HDMI,2016-11-18T00:00:00Z,12,Filipe De Faria Pacheco Paulo,NA,NA,NA,NA
201750465,Masculino,República Árabe Síria,Sistemas de Informação e Conhecimento,Live-Migration in Cloud Computing Environment,Computação na Nuvem; OpenStack; Open Virtual Switch; Redes de Software definidos; Rota Virtual Distribuída; Virtualização; Virtualização de Funções da Rede,2016-11-24T00:00:00Z,13,Jorge Manuel Canelhas Pinto Leite,122,31998,5.612129,262.27868852459017
201750503,Masculino,Portugal,Sistemas de Informação e Conhecimento,Análise de Desempenho de Técnicas de Otimização Swarm Intelligence,Combinatorial optimization; Swarm Intelligence; Task Scheduling,2016-11-16T00:00:00Z,13,Ana Maria Dias Madureira Pereira,NA,NA,NA,NA
201750511,Masculino,Portugal,Sistemas de Informação e Conhecimento,iOS Technologies & Frameworks,iOS apps; iOS development; technologies; frameworks; App Store; wish lists,2016-11-21T00:00:00Z,17,Paulo Manuel Baltarejo De Sousa,130,47738,35.060075,367.2153846153846
201703408,Masculino,Portugal,Sistemas Computacionais,Deteção do modo de transporte para o cuidado de idosos,Reconhecimento de atividades humanas; Processamento de sinal; Extração de características; Machine Learning; Cuidado de idosos; Deteção de transportes; Human Activity Recognition; Signal Processing,2016-11-11T00:00:00Z,17,Nuno Alexandre Magalhaes Pereira,116,21350,4.652747,184.05172413793105
201750589,Masculino,Portugal,Sistemas de Informação e Conhecimento,Fleet Management,fleet management; control of legal documents; driving license; vehicle access; blood alcohol test; key identification; automatic control,2016-11-18T00:00:00Z,16,Paulo Manuel Baltarejo De Sousa,NA,NA,NA,NA
201750597,Masculino,Portugal,Sistemas de Informação e Conhecimento,Descoberta de Objetos Inteligentes em dispositivos móveis,Objetos inteligentes; dispositivos móveis; protocolos; serviços; sensores; rede; simulação,2016-11-15T00:00:00Z,13,Nuno Alexandre Magalhaes Pereira,62,12638,4.133947,203.83870967741936
201750635,Masculino,Portugal,Sistemas Computacionais,Proposta de solução para promoção da autogestão da DPOC,COPD; PGA-COPD; Chronic Obstructive Pulmonary Disease; Prevention; Education and Learning; Recommendation,2016-11-17T00:00:00Z,15,Antonio Abel Vieira De Castro,111,20659,5.769359,186.11711711711712
201750724,Masculino,Portugal,Sistemas Gráficos e Multimédia,Reutilização de Processos de Descoberta de Conhecimento,Data Mining; Descoberta de Conhecimento; C#; ClemScript; IBM SPSS Modeler; WEKA,2016-11-17T00:00:00Z,16,Paulo Jorge Machado Oliveira,NA,NA,NA,NA
201750767,Masculino,Portugal,Sistemas Computacionais,Sistema de Automatização de Newsletters e Comunicação Segmentada,email; newsletter; customer; targeted communication,2016-11-12T00:00:00Z,15,Maria Goreti Carvalho Marreiros,NA,NA,NA,NA
201750775,Masculino,Portugal,Sistemas de Informação e Conhecimento,DevOps Technologies for Tomorrow,DevOps; Software Development; Knowledge Map; Cloud Computing,2016-11-21T00:00:00Z,13,Angelo Manuel Rego E Silva Martins,122,39550,3.822116,324.1803278688525
201750783,Masculino,Portugal,Sistemas Gráficos e Multimédia,Sistema de Recomendação de Tutoriais,Recommendation; tutorials; mahout; recommender systems,2016-11-22T00:00:00Z,12,Nuno Miguel Gomes Bettencourt,74,13618,6.388256,184.02702702702703
201750791,Masculino,Portugal,Sistemas Computacionais,Estudo de um Portal Cooperativo na Área da Saúde,Portal Cooperativo; Portal Corporativo; Gestão de Conhecimento; Liferay; Single Sign-On; Workflows; Gestão Documental,2016-11-23T00:00:00Z,14,Filipe De Faria Pacheco Paulo,127,28514,6.297054,224.51968503937007
201750848,Feminino,Portugal,Sistemas Computacionais,Sistema Multiagente para o estudo e gestão do consumo em habitações,Multi-agent System; Intelligent Agents; Energetic Consumption Management; Home Consumption Management; JADE; Java,2016-11-15T00:00:00Z,12,Isabel Cecilia Correia Da Silva Praca Gomes Pereira,110,24571,6.00423,223.37272727272727
201750899,Masculino,Suíça,Sistemas Computacionais,Wonderbox,Disponibilidade da informação; monitorização; cópias de segurança,2016-11-16T00:00:00Z,14,Jorge Manuel Canelhas Pinto Leite,NA,NA,NA,NA
201750902,Feminino,Portugal,Sistemas Computacionais,Tecnologias digitais para apoio ao ensino de Prótese Parcial Removível,Multimedia Learning; removable partial denture; video; immersive virtual reality; simulation; interactivity,2016-11-21T00:00:00Z,16,Antonio Abel Vieira De Castro,99,14073,5.933783,142.15151515151516
201750937,Masculino,Portugal,Sistemas de Informação e Conhecimento,Definição de uma biblioteca para apoio à decisão de avaliação de orelhas proeminentes.,OpenCV; Android; mobile devices; image analysis software; prominent ears; otoplasty;,2016-11-23T00:00:00Z,16,Antonio Constantino Lopes Martins,114,21311,5.083643,186.93859649122808
201750953,Masculino,Portugal,Sistemas Gráficos e Multimédia,Predictive Response Mail Campaign,Data Mining; Direct Marketing; Response Modelling; Feature Selection; Data Balancing; Classification,2016-11-24T00:00:00Z,16,Maria De Fatima Coutinho Rodrigues,67,14823,4.427191,221.23880597014926
201750970,Masculino,Portugal,Sistemas Computacionais,Artes Digitais em Jogo Sério: Conceção de jogo sério em Unity para consciencialização sobre questões políticas e sociais,Serious games; Simulation; Activism; Arab Spring; Egypt; Unity,2016-11-23T00:00:00Z,14,Ana Margarida Sousa Julio Mendes Barata,101,19237,9.257413,190.46534653465346
201750988,Masculino,Portugal,Sistemas de Informação e Conhecimento,Business Intelligence em Dados de Inscrições,Business Intelligence; Data Warehouse; Analysis; Client,2016-11-24T00:00:00Z,16,Paulo Jorge Machado Oliveira,146,29682,8.101365,203.3013698630137
201751003,Masculino,Portugal,Sistemas de Informação e Conhecimento,Sistema de gestão hoteleira usando dispositivos móveis,Smartphones; unidade hoteleira; NFC,2016-11-18T00:00:00Z,13,Lino Manuel Baptista Figueiredo,NA,NA,NA,NA
201751020,Masculino,Portugal,Sistemas Computacionais,SIRnat Sistema de Reconhecimento e Registo Natural,facial recognition; biometry; biometric systems; detection and recognition; authentication systems,2016-11-23T00:00:00Z,14,Antonio Abel Vieira Dee Castro,166,41229,8.890379,248.36746987951807
201751038,Masculino,Portugal,Sistemas de Informação e Conhecimento,Comunicação entre Médico e Utente,ageing population; continuous monitoring; disease prevention; cost saving; advanced functionalities; smartphone; sensors,2016-11-23T00:00:00Z,13,Paulo Manuel Baltarejo De Sousa,NA,NA,NA,NA
201751054,Masculino,República Árabe Síria,Sistemas Gráficos e Multimédia,Semantic Recommender System,Semantic Recommender System; The Semantic Web; Recommendation Systems; Ontology,2016-11-18T00:00:00Z,16,Paulo Alexandre Fangueiro Oliveira Maio,244,42296,41.966569,173.34426229508196
201766531,Masculino,Suíça,Sistemas Computacionais,Elaboração Automática de Relatórios Médicos,Text prediction; language models; NGrams,2017-11-14T00:00:00Z,17,Maria Goreti Carvalho Marreiros,86,20771,4.87927,241.52325581395348
201766558,Masculino,Portugal,Sistemas Computacionais,Impacto de Advergames no Marketing Empresarial,Marketing; Advertising; Games; Advergames,2017-11-16T00:00:00Z,16,Carlos Miguel Miranda Vaz De Carvalho,159,33677,6.934769,211.80503144654088
201766582,Feminino,Portugal,Sistemas Gráficos e Multimédia,Business Intelligence Aplicado a Dados Obstétricos dos Hospitais,Business intelligence; obstetrics service; indicators; cesarean rate; reports,2017-11-21T00:00:00Z,17,Antonio Constantino Lopes Martins,121,34848,6.393299,288
201766809,Masculino,Portugal,Tecnologias do Conhecimento e Decisão,Visão computacional aplicada a processos de recuperação de animais desaparecidos,Google Cloud Vision API; ESB; ;NET Core,2017-11-21T00:00:00Z,16,Antonio Jose Rocha De Oliveira,130,33685,5.635757,259.11538461538464
201766825,Masculino,Portugal,Sistemas Gráficos e Multimédia,Sistema de Exploração de Venues,Recommender System; Venues; Live Music; Agents; Artists,2017-11-21T00:00:00Z,15,Maria De Fatima Coutinho Rodrigues,NA,NA,NA,NA
201766914,Masculino,Portugal,Sistemas de Informação e Conhecimento,Comércio online através das redes sociais - A plataforma ttb.pt,Online Commerce; Web Platform; Social Networks; Classifieds; Marketing; ttb;pt,2017-11-20T00:00:00Z,14,Antonio Abel Vieira De Castro,147,26122,8.21348,177.70068027210885
201767074,Masculino,Portugal,Sistemas Gráficos e Multimédia,Sistema de Apoio a Terapeutas no Processo de Reabilitação de Pacientes de AVC,AVC; recuperação; prescrição; recomendação; mineração de dados; clustering,2017-11-23T00:00:00Z,16,Luiz Felipe Rocha De Faria,131,26943,6.60713,205.67175572519085
201767155,Masculino,Portugal,Sistemas Computacionais,Tratamento de Fobias com Ambientes Virtuais,Virtual Reality; Serious Games; Phobia; Anxiety; Therapy,2017-11-21T00:00:00Z,15,Carlos Miguel Miranda Vaz De Carvalho,84,16161,5.100757,192.39285714285714
201767198,Masculino,Portugal,Sistemas de Informação e Conhecimento,Sistema de armazenamento de grande volume de dados para sistemas energéticos inteligentes,BigData Storage; Smart Grids; Apache Spark; Cassandra; SMACK; YCSB,2017-11-23T00:00:00Z,16,Isabel Cecilia Correia Da Silva Praca Gomes Pereira,78,21019,4.711115,269.47435897435895
201767244,Masculino,Portugal,Tecnologias do Conhecimento e Decisão,Micro HealthCare Service Platform - Uma Solução Reativa Custo-Eficiente,Reactive Platform; Micro-services; Healthcare; Privacy,2017-11-20T00:00:00Z,16,Antonio Jose Rocha De Oliveira,176,38631,5.024075,219.4943181818182
201767260,Masculino,Portugal,Sistemas Computacionais,Framework Para a Modelação Procedimental Integrada de Terrenos Completos,framework; procedural modeling; terrain modeling; Unity3D,2017-11-15T00:00:00Z,17,Joao Miguel Queiros Magno Leitao,128,35600,7.739148,278.125
201767287,Masculino,Portugal,Tecnologias do Conhecimento e Decisão,Escalonar Sistemas de Tempo-Real de Alta Críticalidade,real-time; safety-critical systems; scheduling; ARINC-653; minimizing preemptions; slack computation,2017-11-17T00:00:00Z,19,Eduardo Manuel Medicis Tovar,96,46398,6.009787,483.3125
201767309,Masculino,Portugal,Sistemas de Informação e Conhecimento,Ferramenta de Mapeamento de Modelos para uma Plataforma de Produtos de Seguros,Model to Model Transformation; Model Driven Architecture; Product Definition System; Ferramenta Mapeamento; Seguros,2017-11-14T00:00:00Z,16,Paulo Alexandre Gandra De Sousa,202,42592,7.757559,210.85148514851485
201767341,Masculino,Portugal,Sistemas Computacionais,Criação de Modelos Faciais 3D Através de Fotografias,3D facial modeling; facial identification; facial features detection; facial reconstruction; 3DMM; blendshapes; graphical interface,2017-11-22T00:00:00Z,15,Joao Paulo Jorge Pereira,63,10597,5.511196,168.20634920634922
201767376,Masculino,Portugal,Sistemas Computacionais,Captura e Reprodução de Expressões Faciais,Capture and re-enactment of facial movements; 3D Morphable Model; Dubbing,2017-11-23T00:00:00Z,15,Joao Paulo Jorge Pereira,67,13740,4.928504,205.07462686567163
201767490,Masculino,Portugal,Sistemas Gráficos e Multimédia,Plataforma para gerar e executar diálogos de negócio no contexto de recolha automática de dados,Business Dialogue; Modeling Platform; Interpreter; UAD; BPMN; BPMN;IO,2017-11-23T00:00:00Z,14,Paulo Alexandre Fangueiro Oliveira Maio,157,31749,5.921524,202.22292993630575
201767503,Masculino,Portugal,Sistemas de Informação e Conhecimento,"Motor Virtual, Portal Empreendedor de Anúncios de Veículos em S. Tomé e Príncipe",Sales Portals; Rental portals; Entrepreneurship; Value; Usability; Advanced Functionalities,2017-11-22T00:00:00Z,13,Nuno Alexandre Magalhaes Pereira,NA,NA,NA,NA
201767511,Masculino,Portugal,Sistemas Gráficos e Multimédia,Sistema inteligente de apoio à deteção e previsão de cyber ataques em sistemas computacionais,anomalias; vulnerabilidades; intrusões; segurança; machine learning; classificadores; SDI,2017-11-14T00:00:00Z,15,Maria Goreti Carvalho Marreiros,NA,NA,NA,NA
201767520,Masculino,Portugal,Sistemas Gráficos e Multimédia,Open Source Platforms for Big Data Analytics,Big Data; Big Data Analytics; BI; Big Data Platforms,2017-11-20T00:00:00Z,16,Ana Maria Neves Almeida Baptista Figueiredo,135,28579,9.302644,211.6962962962963
201747219,Masculino,Portugal,Tecnologias do Conhecimento e Decisão,A Framework for Industry 4.0,Cyber-Physical Systems; Industry 4;0; MANTIS; Solution;,2017-07-19T00:00:00Z,17,Luis Miguel Moreira Lino Ferreira,NA,NA,NA,NA
201767597,Masculino,Portugal,Tecnologias do Conhecimento e Decisão,Sistema de apoio à gestão energética,Poupança; Energia; Internet das Coisas,2017-11-20T00:00:00Z,13,Nuno Miguel Gomes Bettencourt,108,21869,5.370095,202.49074074074073
201767627,Masculino,Portugal,Sistemas de Informação e Conhecimento,Deteção de convulsões epiléticas em eletroencefalogramas usando deep learning,Deep Learning; Convolutional Neural Networks; Intracranial Electroencephalogram; Epilepsy; Seizure Prediction,2017-11-23T00:00:00Z,13,Elsa Maria De Carvalho Ferreira Gomes,92,18275,4.995211,198.6413043478261
201767732,Masculino,Portugal,Sistemas Gráficos e Multimédia,Sistema de Apoio à tomada de Decisão em Grupo baseado na Web que considera aspetos cognitivos,Sistema de Apoio à tomada de Decisão em Grupo; Algoritmos multi-critério; Relatórios Inteligentes; Tomada de Decisão Cognitiva,2017-11-16T00:00:00Z,17,Maria Goreti Carvalho Marreiros,102,36154,4.199854,354.45098039215685
201767864,Feminino,Portugal,Sistemas Gráficos e Multimédia,Análise de Performance de Técnicas de Optimização,Combinatorial Optimization; Metaheuristics; Tabu Search; Artificial Bee Colony; Genetic Algorithms; Simulated Annealing,2017-10-27T00:00:00Z,15,Ana Maria Dias Madureira Pereira,105,18991,5.213312,180.86666666666667
201767970,Masculino,Portugal,Tecnologias do Conhecimento e Decisão,Monitorização e Avaliação de Desempenho de Pessoas em Ambiente Organizacional,Performance Evaluation; Monitoring Performance; Management and Performance Evaluation Systems; Contract of Objectives; Software Engineering,2017-11-20T00:00:00Z,17,Isabel De Fatima Silva Azevedo,NA,NA,NA,NA
201767988,Masculino,Portugal,Sistemas Computacionais,Sistema Multi-plaforma segura de conectividade para hardware e software médico,HL7; ARTIK; Connectivity; Hardware; Software; Integration,2017-11-21T00:00:00Z,13,Filipe De Faria Pacheco Paulo,NA,NA,NA,NA
201767996,Masculino,Portugal,Sistemas de Informação e Conhecimento,Monitorização remota de óleos usados baseada em sensores,Monitoring; Oil; Recycling; Collection; Waste; Sensors,2017-11-20T00:00:00Z,17,Antonio Manuel Cardoso Da Costa,150,43117,16.86948,287.44666666666666
201768038,Masculino,Portugal,Sistemas Computacionais,Sistema de Tradução em Tempo Real para Aplicações Gráficas,Communication; Language Barriers; User Interface; Machine Translation; Optical Character Recognition; Text Detection; Graphical Overlays,2017-11-17T00:00:00Z,16,Joao Paulo Jorge Pereira,118,25120,6.804665,212.88135593220338
201768046,Masculino,Portugal,Sistemas Computacionais,Bankee: modelação e implementação de transferências interbancárias com Business Process Management,Business Process Management; BPM; BPMN 2;0; hierarchical intervention; banking; interbank transfers,2017-11-23T00:00:00Z,16,Isabel De Fatima Silva Azevedo,NA,NA,NA,NA
201768062,Masculino,Portugal,Sistemas de Informação e Conhecimento,Verificação Formal de Programas com SPARK2014,Formal Verification; VCs; SPARK; High Integrity Systems; Why3,2017-11-20T00:00:00Z,14,Jorge Manuel Neves Coelho,147,32247,3.506615,219.3673469387755
201768089,Masculino,Portugal,Sistemas Gráficos e Multimédia,SISTEMA INTEGRADO DE VALIDAÇÃO AUTOMÁTICA DE ENCOMENDAS,rule-based systems; value proposition; sustainability; fraud prevention,2017-11-14T00:00:00Z,14,Isabel Cecilia Correia Da Silva Praca Gomes Pereira,77,13793,5.314866,179.12987012987014
201768097,Masculino,Portugal,Sistemas de Informação e Conhecimento,Data Warehousing in the Cloud,cloud computing; data warehouse,2017-11-20T00:00:00Z,15,Ana Maria Neves Almeida Baptista Figueiredo,134,19829,24.329726,147.97761194029852
201768143,Masculino,Portugal,Sistemas Computacionais,Uso de Realidade Aumentada aplicada ao Património: o século XX na Sé do Porto,Augmented Reality; AR; Oporto Cathedral; Tourism; Digital Heritage,2017-11-17T00:00:00Z,14,Antonio Abel Vieira De Castro,125,23061,9.727059,184.488
201768224,Masculino,Portugal,Sistemas de Informação e Conhecimento,SMART PARK,BLE; Beacons; Tracking; Viaturas; Mobile; Web,2017-11-13T00:00:00Z,16,Paulo Manuel Baltarejo De Sousa,NA,NA,NA,NA
201747405,Masculino,Portugal,Sistemas de Informação e Conhecimento,Conceptualização e desenvolvimento de uma framework de clustering,Clustering; Optimistic data replication; High Availability; Eventual consistency; Open source,2017-07-19T00:00:00Z,17,Paulo Alexandre Gandra De Sousa,120,29443,5.526238,245.35833333333332
201768232,Masculino,Portugal,Sistemas Computacionais,Virtual Driver - Sistema de Reconhecimento de Sinalização Vertical de Trânsito,intelligent transport systems; advanced driver assistance systems; vertical traffic sign recognition system,2017-11-21T00:00:00Z,16,Antonio Abel Vieira De Castro,195,44506,9.503838,228.23589743589744
201768240,Masculino,Portugal,Sistemas Computacionais,Parametrização por vértice de física de corpo moles usando texturas,Física de corpos moles; Deformações de malhas; Texturas,2017-11-15T00:00:00Z,13,Filipe De Faria Pacheco Paulo,59,10425,4.253975,176.6949152542373
201768283,Masculino,Portugal,Sistemas de Informação e Conhecimento,Testes em Continuous Delivery,Countinuous Delivery; Testes; Monitorização; Qualidade de Software; Desenvolvimento de Software,2017-11-24T00:00:00Z,14,Isabel De Fatima Silva Azevedo,NA,NA,NA,NA
201768313,Masculino,Portugal,Sistemas Gráficos e Multimédia,Heurística auxiliada por Aprendizagem Automática aplicada a problemas de Escalonamento,Parameter tuning; Particle Swarm Optimization; Classification; Clustering; Scheduling,2017-11-23T00:00:00Z,14,Ana Maria Dias Madureira Pereira,71,17635,3.874111,248.38028169014083
201768348,Masculino,Portugal,Sistemas Computacionais,Sistema de autenticação centralizada num grande retalhista,Identity and Access Management; Oracle Retail user provisioning; Authentication; Authorization,2017-11-21T00:00:00Z,14,Antonio Manuel Cardoso Da Costa,NA,NA,NA,NA
201768399,Masculino,Portugal,Sistemas de Informação e Conhecimento,Sistemas de Informação Wearable aplicados à área da saúde.,APIs; wearables; monitoring; health,2017-11-20T00:00:00Z,13,Antonio Abel Vieira De Castro,92,13902,5.368975,151.1086956521739
201768410,Masculino,Portugal,Sistemas Gráficos e Multimédia,Telemetria em Máquinas de Venda de Tabaco / Caso Prático ? Vodafone WinVending,Telemetry; M2M; Vending Machines; Tobacco; Sensors; Communication; Alarms; GPS; Innovation; Value Analysis; Innovation; Vandalism; API; Middleware; Message Queues; Architecture,2017-11-24T00:00:00Z,17,Paulo Alexandre Fangueiro Oliveira Maio,330,73697,11.729563,223.3242424242424
201768488,Masculino,Portugal,Tecnologias do Conhecimento e Decisão,Sistema de Informação de Televisão: Pesquisa e Recomendações,television programming; REST; search; recommendations; hybrid; precision,2017-11-17T00:00:00Z,13,Isabel De Fatima Silva Azevedo,NA,NA,NA,NA
201768623,Feminino,Portugal,Sistemas Gráficos e Multimédia,WARP Business Intelligence System,Business Intelligence; Continuous Delivery; Continuous Integration; pipelines; Data Warehouse; releases,2017-11-22T00:00:00Z,15,Ana Maria Neves Almeida Baptista Figueiredo,78,17823,4.346328,228.5
202165701,Feminino,Portugal,Engenharia de Software,Aplicabilidade da Mineração de Processos: um Caso de Estudo,business process model and notation; descoberta de processos; mineração de processos; processos de negócio; rede de Petri; registo de eventos,2018-11-23T00:00:00Z,16,Isabel De Fatima Silva Azevedo,141,29455,7.747801,208.90070921985816
202165736,Feminino,Brasil,Sistemas de Informação e Conhecimento,Análise e Avaliação de Plataformas de Business Inteligence na Nuvem e uma Abordagem da ferramenta Pentaho e suas Integrações .,Business Intelligence; Cloud Computing; BI Tools; Business Cloud BI Platforms; Open Source BI Platforms; Pentaho Suite; BI Tools Open source,2018-12-14T00:00:00Z,12,Ana Maria Neves Almeida Baptista Figueiredo,NA,NA,NA,NA
202165779,Feminino,Portugal,Sistemas Gráficos e Multimédia,MOOC INCLUSIVO INOVADOR,Social Inclusion; Community; Learning; Graduate; Udemy; MOOC,2018-11-16T00:00:00Z,16,Paula Maria De Sa Oliveira Escudeiro,129,15631,14.868504,121.17054263565892
202025870,Masculino,Portugal,Sistemas de Informação e Conhecimento,Sistema de previsão de resultados de jogos de futebol através de técnicas de Data Mining,Data Mining; Sports betting; Decision Support System; Classification; Football,2018-10-10T00:00:00Z,16,Maria De Fatima Coutinho Rodrigues,NA,NA,NA,NA
201971925,Masculino,Portugal,Sistemas Computacionais,Sistema para Avaliação e Feedback de Manobras Respiratórias Forçadas em Crianças,Asma; espirometria registada em microfone; avaliação de qualidade espirométrica; pediatria;asthma; microphone spirometry; spirometry quality assessment; paediatrics,2018-07-26T00:00:00Z,15,Paulo Alexandre Gandra De Sousa,NA,NA,NA,NA
202165884,Masculino,Portugal,Sistemas Gráficos e Multimédia,Aplicação de métodos ágeis fora da indústria de software,Agile; Common Industry; Work-Flow; Sprint Task,2018-11-26T00:00:00Z,13,Nuno Filipe Fonseca Vasconcelos Escudeiro,145,21643,19.943833,149.26206896551724
202165930,Masculino,Portugal,Engenharia de Software,Internal Framework Refactor/Improvement,Framework; Management; Platform; Improvements,2018-11-13T00:00:00Z,16,Paulo Alexandre Fangueiro Oliveira Maio,NA,NA,NA,NA
202025942,Masculino,Portugal,Engenharia de Software,Facilitação de Gamificação em Contextos de Seguros,Gamifcation; Insurance Marke; Gamificação; Mercado Segurador,2018-11-13T00:00:00Z,15,Isabel De Fatima Silva Azevedo,215,59603,8.930795,277.2232558139535
202025985,Masculino,Portugal,Sistemas Gráficos e Multimédia,Xamarin vs. Android,Android; Xamarim; desenvolvimento; nativo; multi-plataforma; comparação,2018-11-08T00:00:00Z,14,Paulo Manuel Baltarejo De Sousa,115,34039,4.410078,295.9913043478261
202165973,Masculino,Portugal,Engenharia de Software,Event-driven integrado com Enterprise Service Bus,ESB; Events; Architecture; Integrations; Microservices,2018-11-15T00:00:00Z,14,Paulo Alexandre Fangueiro Oliveira Maio,123,28443,6.64103,231.2439024390244
202026000,Feminino,Portugal,Engenharia de Software,Acessibilidade na Web e no mundo e-commerce,Accessibility; Web Accessibility; Disability; E-commerce; Components,2018-11-13T00:00:00Z,15,Nuno Alexandre Pinto Da Silva,160,47147,10.33952,294.66875
202166040,Masculino,Portugal,Engenharia de Software,Fórmulas de Legibilidade de Software,Software Readability; Readability Formulas; Software Quality; Readability Metrics,2018-11-21T00:00:00Z,14,Adelaide Isabel Santos Vieira Braga Sampaio,144,39785,4.903767,276.28472222222223
202026060,Masculino,Portugal,Sistemas Gráficos e Multimédia,Promoção da prática de exercício físico através de um jogo,Mobile Games; Mobile Applications; Smartphones; Motivation; Physical Activity,2018-11-14T00:00:00Z,15,Carlos Miguel Miranda Vaz De Carvalho,132,28445,5.973698,215.49242424242425
202166139,Masculino,Portugal,Sistemas Computacionais,Ferramenta de Data Mining para Dados Educacionais,Data mining; FERA; RStudio; association rules,2018-11-23T00:00:00Z,13,Elsa Maria De Carvalho Ferreira Gomes,87,15437,4.084592,177.4367816091954
202026078,Masculino,Portugal,Sistemas Computacionais,Desenvolvimento de aplicação móvel multiplataforma (Apache Cordova vs Xamarin),Cross-Platform Technologies; Apache Cordova; Xamarin,2018-09-11T00:00:00Z,13,Elsa Maria De Carvalho Ferreira Gomes,97,20262,11.144259,208.88659793814432
202163750,Masculino,Portugal,Sistemas Computacionais,Tradução para língua de sinais,Surdez; Língua Gestual Escrita; Tradução; Corpora Paralelo; Deep Neural Networks; Neural Machine Translation,2018-02-08T00:00:00Z,11,Nuno Filipe Fonseca Vasconcelos Escudeiro,78,11190,5.962796,143.46153846153845
201971976,Masculino,Portugal,Sistemas Computacionais,Análise inteligente de importação de bases de dados de contactos,Machine-learning; Spam; E-marketing,2018-07-27T00:00:00Z,17,Ana Maria Dias Madureira Pereira,NA,NA,NA,NA
202166171,Masculino,Portugal,Sistemas Computacionais,Data Protection with Ethereum Blockchain,Ethereum Blockchain; General European Data Protection Regulation; smart contracts; data privacy and protection; decentralized applications; Blockchain software engineering; Interplanetary File System,2018-11-21T00:00:00Z,16,Isabel De Fatima Silva Azevedo,208,55598,11.248933,267.2980769230769
202166198,Masculino,Portugal,Sistemas de Informação e Conhecimento,Ethereum Smart Contracts for Educational Certificates,Ethereum; Blockchain; Smart Contracts; Education; Certificate,2018-11-15T00:00:00Z,14,Isabel De Fatima Silva Azevedo,NA,NA,NA,NA
202166201,Masculino,Portugal,Sistemas Gráficos e Multimédia,Meta-modelo de mecânicas de jogos sérios para surdos e cegos,Accessibility; Blind and deaf users; Games for education; Inclusive platform,2018-11-19T00:00:00Z,16,Paula Maria De Sa Oliveira Escudeiro,107,24819,4.880327,231.9532710280374
202026167,Masculino,Portugal,Engenharia de Software,Continuous Delivery: Aplicação na Glintt,Continuous; integration; delivery; automation; testing,2018-11-08T00:00:00Z,15,Alexandre Manuel Tavares Braganca,124,38178,5.04173,307.88709677419354
202026175,Masculino,Portugal,Sistemas de Informação e Conhecimento,Exploração de Dados usando Técnicas de Data Mining na Indústria de Retalho de Moda - Caso Estudo Parfois,RFM; CLV; Data Mining; Clustering; Association Rules; Classification; Recommendation Engine,2018-11-14T00:00:00Z,17,Maria De Fatima Coutinho Rodrigues,NA,NA,NA,NA
202166260,Masculino,França,Engenharia de Software,Deteção de arritmias cardíacas em eletrocardiogramas usando deep learning,Deep Learning; Neural Networks; Electrocardiogram; Heart Arrhythmia,2018-11-20T00:00:00Z,15,Elsa Maria De Carvalho Ferreira Gomes,133,33787,5.883163,254.0375939849624
202166279,Feminino,Portugal,Engenharia de Software,"Representação, visualização e gestão de dados de redes móveis em sistemas de informação geográficos",Mobile Network; Performance; Visualization; Telecommunications; Analysis,2018-11-13T00:00:00Z,14,Nuno Miguel Gomes Bettencourt,NA,NA,NA,NA
202026329,Masculino,Portugal,Engenharia de Software,Balanced Scorecard - Sistema de planeamento e gestão estratégica,Balanced Scorecard; Performance indicators; Profitability analysis; Decision support,2018-11-13T00:00:00Z,16,Ana Maria Neves Almeida Baptista Figueiredo,116,28001,6.307233,241.38793103448276
201972050,Masculino,Portugal,Sistemas de Informação e Conhecimento,Modelação de Processos de Negócio,Business Process Management; Business Process Model and Notation; Process modeling;,2018-07-26T00:00:00Z,14,Ana Maria Neves Almeida Baptista Figueiredo,115,31462,5.123465,273.5826086956522
201972069,Masculino,Portugal,Sistemas de Informação e Conhecimento,A evolução das arquiteturas monolíticas para as arquiteturas baseadas em microserviços,Microservices; Continuous Integration; Continuous Delivery; Automated testing; Monolithic; Architectural evolution,2018-07-26T00:00:00Z,14,Ana Maria Neves Almeida Baptista Figueiredo,NA,NA,NA,NA
202166538,Masculino,Portugal,Sistemas de Informação e Conhecimento,Gestão de Conhecimento de uma Instituição de Educação,Machine Learning; Business Intelligence; Educational Data Mining; Learning Analytics; R Language,2018-11-20T00:00:00Z,15,Carlos Manuel Abreu Gomes Ferreira,139,22472,6.039851,161.66906474820144
201972085,Masculino,Portugal,Sistemas de Informação e Conhecimento,Algoritmo Híbrido de Recomendação,recommender system; data mining; hybrid system; cold start; new user,2018-07-25T00:00:00Z,15,Maria De Fatima Coutinho Rodrigues,107,24795,4.431419,231.7289719626168
202026450,Masculino,Portugal,Engenharia de Software,"Resources Events Agents (REA), a text DSL for OMNIA Entities",REA; DSL; Meta-Modeling; MDE; DSRM; OMNIA,2018-11-08T00:00:00Z,12,Alexandre Manuel Tavares Braganca,96,23224,6.219452,241.91666666666666
202026469,Feminino,Portugal,Sistemas Gráficos e Multimédia,Model-Based Testing - Automação de testes com base em modelos,Model-Based Testing; modelos; notações; ferramentas; testes; desenvolvimento de software,2018-11-15T00:00:00Z,15,Alberto Antonio Chalupa Sampaio,NA,NA,NA,NA
202026477,Feminino,Portugal,Engenharia de Software,Novo canal de comunicação para marketing digital,Digital Marketing; communication channel; social networks,2018-09-11T00:00:00Z,14,Nuno Alexandre Pinto Da Silva,NA,NA,NA,NA
202166740,Masculino,Portugal,Engenharia de Software,Wegho Chatbot,Chatbot; Artificial Intelligence; Natural Language; Marketplace,2018-11-16T00:00:00Z,14,Antonio Jose Rocha De Oliveira,101,19999,4.627824,198.009900990099
202028100,Masculino,Portugal,Engenharia de Software,Gerador de código HTML a partir de maquetes,Automação; Deep Learning; Convolutional Neural Networks; Automation,2018-11-21T00:00:00Z,15,Maria De Fatima Coutinho Rodrigues,105,21058,7.607791,200.55238095238096
202166821,Masculino,Portugal,Sistemas Computacionais,RASTREAMENTO OCULAR NA ÁREA DO MARKETING,Eye Tracking; Eye Tracker; source-code; Tobii Eye Tracker 4C; marketing,2018-11-16T00:00:00Z,12,Adelaide Isabel Santos Vieira Braga Sampaio,154,36840,14.371266,239.2207792207792
202166848,Masculino,Portugal,Engenharia de Software,Engenharia de Resiliência,Resilience Engineering; Chaos Experiments; Chaos Engineering,2018-11-20T00:00:00Z,16,Isabel De Fatima Silva Azevedo,123,29999,5.477457,243.89430894308944
202026531,Masculino,Portugal,Sistemas Gráficos e Multimédia,LEARN IT: Jogos para o Desenvolvimento Cognitivo,Serious Games; Brain Training; Cognitive Training,2018-11-15T00:00:00Z,15,Carlos Miguel Miranda Vaz De Carvalho,107,21900,7.918327,204.6728971962617
201972174,Masculino,Portugal,Sistemas Gráficos e Multimédia,Criação e evolução de uma API pública,API; REST; SOAP; Versioning;,2018-07-27T00:00:00Z,15,Isabel De Fatima Silva Azevedo,NA,NA,NA,NA
201972182,Masculino,Portugal,Engenharia de Software,RESTful Web Services Development with a Model-Driven Engineering Approach,Web service; Model driven engineering; OpenAPI; Resource; Domain specific language; RESTful,2018-07-18T00:00:00Z,17,Isabel De Fatima Silva Azevedo,155,38766,5.332161,250.1032258064516
202166929,Masculino,Portugal,Sistemas Gráficos e Multimédia,Transform@: Um Jogo Sério para Desenvolvimento de Competências de Empreendedorismo,Serious games; Entrepreneurship,2018-11-15T00:00:00Z,15,Carlos Miguel Miranda Vaz De Carvalho,101,18052,11.284033,178.73267326732673
202166937,Masculino,Portugal,Sistemas de Informação e Conhecimento,Previsão Inteligente do consumo de energia com base em modelos Deep Learning,Deep Learing; Machine Learning; TensorFlow; Forecasting; Energy Consumption; Smart Grid,2018-11-21T00:00:00Z,14,Isabel Cecilia Correia Da Silva Praca Gomes Pereira,90,20781,5.844666,230.9
202026590,Masculino,Portugal,Engenharia de Software,Análise automática de nuvens de pontos 3D de cabeças com Plagiocefalia Posicional,Positional Plagiocephaly; Cranial orthosis; Automatic design; Point cloud; Iterative Closest Point,2018-11-14T00:00:00Z,15,Maria De Fatima Coutinho Rodrigues,81,16303,4.823008,201.2716049382716
201972190,Masculino,Portugal,Sistemas Gráficos e Multimédia,Suporte à Evolução de API,API evolution; API Specification; Documentation; Software Tests; Code Generation; Design-first; REST; Software Maintenance; Digital Marketing,2018-07-27T00:00:00Z,15,Isabel De Fatima Silva Azevedo,NA,NA,NA,NA
202166988,Masculino,Portugal,Engenharia de Software,Bots - Assistente Pessoal em Contexto Cooperativo,Assistente pessoal; Bot; registo de horas; linguagem natural; Machine Learning,2018-11-14T00:00:00Z,14,Antonio Constantino Lopes Martins,NA,NA,NA,NA
202166996,Masculino,Portugal,Sistemas de Informação e Conhecimento,Sistema de recomendação na área do desporto,Recomendation system; Sport; ASP;Net MVC; React Native; SignalR; FireBase,2018-11-20T00:00:00Z,12,Ricardo Gabriel Soares Fernandes De Almeida,105,17820,4.855107,169.71428571428572
202030504,Feminino,Portugal,Sistemas Gráficos e Multimédia,MOOC inclusivo inovador,Inclusão Social; Comunidade Surda; Língua Gestual; Pós-Graduação; MOOC; Udemy; Social Inclusion; Deaf Community; Sign Language; Graduate,2018-11-21T00:00:00Z,16,Paula Maria De Sa Oliveira Escudeiro,128,13642,17.12517,106.578125
201972220,Masculino,Portugal,Sistemas Computacionais,Estudo de tecnologias para sistemas de Big Data,Big Data; Apache Hadoop; Lambda Architecture; Kappa Architecture,2018-07-26T00:00:00Z,16,Fernando Jorge Ferreira Duarte,132,41437,6.2318,313.9166666666667
201972239,Masculino,Portugal,Sistemas Gráficos e Multimédia,Um Jogo Sério para Aprendizagem de Lógica e Programação,Serious Games; Logical thinking; Puzzles,2018-07-24T00:00:00Z,15,Carlos Miguel Miranda Vaz De Carvalho,115,22868,5.744418,198.8521739130435
202034895,Masculino,Portugal,Engenharia de Software,Aplicação Android de tracking e recomendação automática de rotas,Trajetos; Data mining; GPS; Previsão; Recomendação de rotas; Routes; Forecasting; Route Recommendation,2018-09-15T00:00:00Z,15,Elsa Maria De Carvalho Ferreira Gomes,124,24725,5.51754,199.3951612903226
202167135,Masculino,Portugal,Sistemas Gráficos e Multimédia,"Sistema de Gestão, Mix e Broadcast Live de vídeo",Broadcast;Live;Transmissão;Direto;Câmaras;IP;Mix;Gestão;Management;Video,2018-11-15T00:00:00Z,14,Antonio Abel Vieira De Castro,NA,NA,NA,NA
201972255,Masculino,Portugal,Engenharia de Software,Desenvolvimento de uma Infraestrutura baseada em HL7® FHIR® para Interoperabilidade Clínica,HL7® FHIR®; Interoperability; Healthcare; Java; REST,2018-07-23T00:00:00Z,16,Paulo Alexandre Fangueiro Oliveira Maio,184,40166,6.855408,218.29347826086956
201972263,Masculino,Portugal,Engenharia de Software,Mixed Reality for Manufacturing Execution Systems,Industry 4;0; Manufacturing Execution System; Mixed Reality,2018-07-23T00:00:00Z,15,Paulo Alexandre Gandra De Sousa,NA,NA,NA,NA
